case_label,L,temperature,n,energy_pass_n,energy_pass_fraction,mag_pass_n,mag_pass_fraction,joint_pass_n,joint_pass_fraction,essE_min,essE_p10,essE_median,essM_min,essM_p10,essM_median,tauE_max,tauE_median,tauM_max,tauM_median,measurement_stride_min,measurement_stride_max,realization_threshold,required_pass_fraction,energy_cell_pass,joint_cell_pass,primary_mask_metric,primary_source_cell_pass
pristine_p100,40,1.42,10,10,1.0,10,1.0,10,1.0,2982.003899134281,2999.566517702768,3093.6616487720335,3180.027034694322,3180.6474909905814,3318.316864621146,1.6767248364267977,1.6162476777304986,1.57231367703785,1.506875379434353,2,2,100.0,0.9,True,True,corrected_energy_ESS_only,True
pristine_p100,40,1.43,10,10,1.0,10,1.0,10,1.0,2620.53850073949,2675.882022563246,2903.81985796961,2954.5435010912265,2970.8097118058695,3175.850245713773,1.9080047855007856,1.7219088385800447,1.6923088112100255,1.5743886041347839,2,2,100.0,0.9,True,True,corrected_energy_ESS_only,True
pristine_p100,40,1.44,10,10,1.0,10,1.0,10,1.0,2542.414875712338,2609.6909622817266,2909.5406570493624,2892.6354719489996,2952.2990454141277,3218.8561244383354,1.9666341822355375,1.718534525209626,1.7285275135726317,1.5533473312891881,2,2,100.0,0.9,True,True,corrected_energy_ESS_only,True
pristine_p100,40,1.45,10,10,1.0,10,1.0,10,1.0,2343.619835639068,2406.8093999099096,2689.8021508989686,2694.4906314181053,2714.234400489531,2947.240716776111,2.133451818407476,1.8589395407220024,1.8556382945627496,1.6973544348587555,2,2,100.0,0.9,True,True,corrected_energy_ESS_only,True
pristine_p100,40,1.46,10,10,1.0,10,1.0,10,1.0,2169.551486529812,2209.7612850358105,2535.927481217842,2522.993871935626,2623.8781969911306,2841.605494128276,2.304623804064442,1.971680005688142,1.981772550309062,1.7596039777186032,2,2,100.0,0.9,True,True,corrected_energy_ESS_only,True
pristine_p100,40,1.47,10,10,1.0,10,1.0,10,1.0,2054.8583715957734,2127.009331751631,2175.830817262522,2296.8737009313277,2431.8638799800074,2588.4757826850782,2.4332577218531477,2.2980385721015963,2.1768719794965734,1.9321789824465883,2,2,100.0,0.9,True,True,corrected_energy_ESS_only,True
pristine_p100,40,1.48,10,10,1.0,10,1.0,10,1.0,1710.7990703851929,1728.7500199248047,1913.4912001064406,2121.72290649491,2133.0736853157655,2273.5363919867523,2.9226108936768544,2.6130264426256353,2.356575396671382,2.199226414848155,2,2,100.0,0.9,True,True,corrected_energy_ESS_only,True
pristine_p100,40,1.49,10,10,1.0,10,1.0,10,1.0,1609.6531113362175,1614.8598044852813,1779.0666937989863,1785.8326396864866,1800.3236691536054,2091.0706350644523,3.106259333012044,2.8104630364020284,2.7998144332706225,2.3912808110486115,2,2,100.0,0.9,True,True,corrected_energy_ESS_only,True
pristine_p100,40,1.5,10,10,1.0,10,1.0,10,1.0,1222.378251539733,1293.2067277820272,1456.6321868763575,1524.820185534577,1533.3299414026521,1800.7228391041158,4.090386910681613,3.4326609867613422,3.2790751640312803,2.7767675612737275,2,2,100.0,0.9,True,True,corrected_energy_ESS_only,True
pristine_p100,40,1.51,10,10,1.0,10,1.0,10,1.0,1067.8325582035798,1067.985531213217,1194.7976115036508,1351.4008830155558,1368.9432142799587,1495.535268479926,4.682382047248612,4.1848091914323895,3.69986438727408,3.3433236586007724,2,2,100.0,0.9,True,True,corrected_energy_ESS_only,True
pristine_p100,40,1.52,10,10,1.0,10,1.0,10,1.0,774.1649835638764,809.8568197610344,869.625133230523,1106.7150778788525,1112.9511471849978,1267.382526114121,6.45857163027763,5.749783100146713,4.517874654407961,3.9456571042857806,2,2,100.0,0.9,True,True,corrected_energy_ESS_only,True
pristine_p100,40,1.53,10,10,1.0,10,1.0,10,1.0,634.1941236762339,701.3779481070949,754.0435288990304,1089.7631833935468,1103.113996108726,1189.15644304308,7.884021332484909,6.634064171364482,4.588152798876807,4.204961552148886,2,2,100.0,0.9,True,True,corrected_energy_ESS_only,True
pristine_p100,40,1.54,10,10,1.0,10,1.0,10,1.0,558.6212102064059,574.938228153693,645.697273564537,1006.4547719347892,1110.9563785728544,1202.1846758937431,8.95060894331696,7.744856540243946,4.967933124692824,4.159126987787349,2,2,100.0,0.9,True,True,corrected_energy_ESS_only,True
pristine_p100,40,1.55,10,10,1.0,10,1.0,10,1.0,438.94456042766177,451.0642606847641,490.24739862843774,1081.5326348849821,1091.2470599860676,1149.3820966523913,11.390960159361631,10.199296090438455,4.623069002935575,4.350164377426319,2,2,100.0,0.9,True,True,corrected_energy_ESS_only,True
pristine_p100,40,1.56,10,10,1.0,10,1.0,10,1.0,340.126561406904,342.14979015893306,423.97380255067446,1074.0893051477365,1111.928044089152,1188.123658486155,14.700410280567134,11.803740426391055,4.655106401336219,4.208435885946955,2,2,100.0,0.9,True,True,corrected_energy_ESS_only,True
pristine_p100,40,1.57,10,10,1.0,10,1.0,10,1.0,275.6926993624947,278.643042855141,379.57896895576687,1217.974345206514,1257.2459212685203,1376.7876857878048,18.13613494866524,13.172993601055804,4.105176779525864,3.6345077459630506,2,2,100.0,0.9,True,True,corrected_energy_ESS_only,True
pristine_p100,40,1.58,10,10,1.0,10,1.0,10,1.0,260.57109792038455,262.99509523757894,315.7156615219746,1261.4142326170793,1323.161671992325,1432.9528772793378,19.18862084054967,15.84065574165454,3.963804966451352,3.4909164662115972,2,2,100.0,0.9,True,True,corrected_energy_ESS_only,True
pristine_p100,40,1.59,10,10,1.0,10,1.0,10,1.0,190.45672789205253,214.1461345491219,238.53026977816216,1403.535282610826,1431.4572012014235,1503.8614963751056,26.25268246146658,20.995200335214037,3.5624327097065263,3.324794763332453,2,2,100.0,0.9,True,True,corrected_energy_ESS_only,True
pristine_p100,40,1.6,10,10,1.0,10,1.0,10,1.0,199.78646340263552,204.01642495064107,221.01295330400154,1297.1088872744929,1301.3534708595228,1404.0773056133994,25.02672060380464,22.63113886065322,3.854726499103776,3.5610598064643173,2,2,100.0,0.9,True,True,corrected_energy_ESS_only,True
pristine_p100,40,1.61,10,10,1.0,10,1.0,10,1.0,134.33517486268357,142.4805616789512,182.1974908598491,1287.831895300485,1292.2449566943574,1536.6047693096161,37.22033343173866,27.44796442306378,3.8824943055423926,3.2599727076246756,2,2,100.0,0.9,True,True,corrected_energy_ESS_only,True
pristine_p100,40,1.62,10,10,1.0,10,1.0,10,1.0,145.9863115025523,146.7547667439611,167.27826927209298,1217.2109436221212,1255.4003662836674,1441.8958848391285,34.2497864939384,29.934241463947075,4.107751434703032,3.4678198956072976,2,2,100.0,0.9,True,True,corrected_energy_ESS_only,True
pristine_p100,60,1.42,10,10,1.0,10,1.0,10,1.0,2897.756213875803,2962.0436680515904,3199.073463724657,3246.489640330564,3351.0382113442997,3473.83863629159,1.725472962859221,1.5631952189982026,1.5401250439508227,1.4393301088801813,2,2,100.0,0.9,True,True,corrected_energy_ESS_only,True
pristine_p100,60,1.43,10,10,1.0,10,1.0,10,1.0,2572.4729153192047,2701.9516721306422,2957.9264681094182,2645.851998254267,3003.993664634355,3325.969378102807,1.9436550605546712,1.690443673009063,1.889750448361813,1.5033215712081072,2,2,100.0,0.9,True,True,corrected_energy_ESS_only,True
pristine_p100,60,1.44,10,10,1.0,10,1.0,10,1.0,2658.9435479715553,2660.770734232286,2790.8248997766855,2836.2660561012103,2886.928082102257,3025.614447795512,1.8804460906341471,1.7915914854242856,1.7628811617458424,1.6528425983174122,2,2,100.0,0.9,True,True,corrected_energy_ESS_only,True
pristine_p100,60,1.45,10,10,1.0,10,1.0,10,1.0,2571.8360122995796,2592.965906690135,2644.163023563161,2757.9773829899486,2841.0272307891355,2966.80440004503,1.9441363975338783,1.890958176758509,1.8129227711720588,1.6853174873645438,2,2,100.0,0.9,True,True,corrected_energy_ESS_only,True
pristine_p100,60,1.46,10,10,1.0,10,1.0,10,1.0,2230.8484694314993,2355.3567183834202,2475.8106381863836,2618.372709975362,2760.987915090319,2822.4201139284282,2.241299697632166,2.0198196655234573,1.90958299441146,1.7715407453143333,2,2,100.0,0.9,True,True,corrected_energy_ESS_only,True
pristine_p100,60,1.47,10,10,1.0,10,1.0,10,1.0,2036.2217336558656,2063.911140907963,2238.984106471228,2444.2294686093815,2503.2491543442056,2631.932900487405,2.4555282547853565,2.2337956813820794,2.045634448080154,1.8999997832484352,2,2,100.0,0.9,True,True,corrected_energy_ESS_only,True
pristine_p100,60,1.48,10,10,1.0,10,1.0,10,1.0,1809.4745956864592,1878.2174530734019,2037.9007793893718,2153.150744315128,2191.704414639141,2452.1063472391484,2.7632330467193733,2.453507953931738,2.322178330152353,2.039282148552968,2,2,100.0,0.9,True,True,corrected_energy_ESS_only,True
pristine_p100,60,1.49,10,10,1.0,10,1.0,10,1.0,1552.39805888473,1586.4765332051354,1719.8421208175141,1936.5147317104631,1959.9701670870327,2130.255121582498,3.2208234037551478,2.907389704445789,2.581958153028692,2.3471682583545936,2,2,100.0,0.9,True,True,corrected_energy_ESS_only,True
pristine_p100,60,1.5,10,10,1.0,10,1.0,10,1.0,1188.965387014586,1254.9185608187854,1390.7774380745755,1487.113548085213,1562.9177196227067,1699.6789552059413,4.205336887522581,3.5952348319176295,3.3622180407393443,2.9423881061795165,2,2,100.0,0.9,True,True,corrected_energy_ESS_only,True
pristine_p100,60,1.51,10,10,1.0,10,1.0,10,1.0,972.365267048384,981.9063929144329,1093.7988048353143,1201.4038247427443,1384.8986853209717,1454.484593889355,5.1421005762345935,4.575229125657037,4.1617979708618345,3.4393468906482836,2,2,100.0,0.9,True,True,corrected_energy_ESS_only,True
pristine_p100,60,1.52,10,10,1.0,10,1.0,10,1.0,636.7425337016489,677.0630631214668,805.9768496980491,1110.5226046974517,1131.6308577757598,1185.5190064388626,7.852467418711488,6.2036971846547395,4.502384714052884,4.217610650385744,2,2,100.0,0.9,True,True,corrected_energy_ESS_only,True
pristine_p100,60,1.53,10,10,1.0,10,1.0,10,1.0,426.0946004481045,464.66510403718104,495.3656870694789,857.3412844048506,895.3148371716237,1020.9429351121538,11.734483362947394,10.096999687780531,5.831983238123079,4.900108230849765,2,2,100.0,0.9,True,True,corrected_energy_ESS_only,True
pristine_p100,60,1.54,10,10,1.0,10,1.0,10,1.0,321.0761285732108,378.5183341811692,411.91903568376404,904.479604282937,966.770998639124,1080.2828769990226,15.572630772081569,12.139363787499441,5.528040628361049,4.630746683021326,2,2,100.0,0.9,True,True,corrected_energy_ESS_only,True
pristine_p100,60,1.55,10,10,1.0,10,1.0,10,1.0,248.86619317586656,251.38723922397512,286.117223681424,995.4716321384608,1007.7010689137791,1065.4159604527372,20.091117785800037,17.475500419478543,5.022744836293383,4.693261850543367,2,2,100.0,0.9,True,True,corrected_energy_ESS_only,True
pristine_p100,60,1.56,10,10,1.0,10,1.0,10,1.0,205.45412492750904,207.73360194319554,241.00942769740894,1174.794905214109,1185.250111140938,1321.4457737813077,24.33633299776368,20.7464455766086,4.256062039261857,3.784551212465288,2,2,100.0,0.9,True,True,corrected_energy_ESS_only,True
pristine_p100,60,1.57,10,10,1.0,10,1.0,10,1.0,109.80792952921777,118.52689639150933,163.40927183861788,1191.1069731913938,1196.1667490040059,1311.0953262896887,45.53405224410134,30.619447637160302,4.197775777101905,3.8147658865001697,2,2,100.0,0.9,True,True,corrected_energy_ESS_only,True
pristine_p100,60,1.58,10,10,1.0,10,1.0,10,1.0,101.20339976381268,122.77085538361645,133.69111317001762,1198.8496047648955,1200.5979709919573,1328.5167219150032,49.40545487275074,37.41943355453122,4.170664927549892,3.7636345582364257,2,2,100.0,0.9,True,True,corrected_energy_ESS_only,True
pristine_p100,60,1.59,10,7,0.7,10,1.0,7,0.7,81.91767136796567,87.51312220228316,114.30398132974909,1099.9471343059968,1152.705219520775,1391.6634471073794,61.03689126538424,43.77706370010466,4.545673009234859,3.5945563645186516,2,2,100.0,0.9,False,False,corrected_energy_ESS_only,False
pristine_p100,60,1.6,10,5,0.5,10,1.0,5,0.5,61.14380311816978,79.30029341502527,101.75867773768232,1056.835011543874,1147.590421958082,1229.567781625588,81.77443575658408,49.164124613930554,4.731107453277656,4.06766304448138,2,2,100.0,0.9,False,False,corrected_energy_ESS_only,False
pristine_p100,60,1.61,10,5,0.5,10,1.0,5,0.5,80.34288222810818,85.40038081176723,98.28110918326891,894.5286197886217,903.1021407146357,1092.6360629843489,62.23326648655799,50.89184096242878,5.589536085700095,4.5837311300960195,2,2,100.0,0.9,False,False,corrected_energy_ESS_only,False
pristine_p100,60,1.62,10,2,0.2,10,1.0,2,0.2,41.265720182203594,41.807440492985414,73.74295452053158,897.7713272637582,932.9701557173497,1057.5906701490671,121.16594543662708,67.81314039908736,5.569346946331066,4.728011473257146,2,2,100.0,0.9,False,False,corrected_energy_ESS_only,False
pristine_p100,80,1.42,10,10,1.0,10,1.0,10,1.0,2840.9194475906893,2911.3444502967104,3063.9675523400274,3146.7704704253183,3162.249799677328,3316.9978387613646,1.7599935838520069,1.631903133834999,1.5889306344368357,1.5073871906914231,2,2,100.0,0.9,True,True,corrected_energy_ESS_only,True
pristine_p100,80,1.43,10,10,1.0,10,1.0,10,1.0,2825.423275499688,2915.9482725191056,3103.975928617776,3090.357406465565,3099.894761722503,3271.861994235176,1.7696463547097132,1.6110243624140628,1.6179358379516655,1.5282529545546653,2,2,100.0,0.9,True,True,corrected_energy_ESS_only,True
pristine_p100,80,1.44,10,10,1.0,10,1.0,10,1.0,2725.1695198937846,2766.8572421412296,2871.525617232799,2997.449297046496,3046.2923542290855,3173.4819747206807,1.834748247219086,1.7413571358423041,1.6680849297189764,1.575623664256719,2,2,100.0,0.9,True,True,corrected_energy_ESS_only,True
pristine_p100,80,1.45,10,10,1.0,10,1.0,10,1.0,2369.584959454464,2462.0174215853226,2593.0484776863696,2703.4407265334735,2708.285453765354,3019.408944943584,2.1100741630091715,1.9284371413532007,1.8494949605983493,1.6567704381817618,2,2,100.0,0.9,True,True,corrected_energy_ESS_only,True
pristine_p100,80,1.46,10,10,1.0,10,1.0,10,1.0,2214.4913705723425,2241.5021086360343,2441.598882388592,2475.841260486632,2646.5575181733357,2848.6436086561343,2.257854813273774,2.0478924245581527,2.019515580339444,1.7552239418573317,2,2,100.0,0.9,True,True,corrected_energy_ESS_only,True
pristine_p100,80,1.47,10,10,1.0,10,1.0,10,1.0,2124.37026156143,2132.286293345844,2247.0844512933263,2384.115117930035,2514.441047214328,2666.8622305968347,2.353638671407948,2.2256350898292565,2.0972141665462694,1.8748625062557878,2,2,100.0,0.9,True,True,corrected_energy_ESS_only,True
pristine_p100,80,1.48,10,10,1.0,10,1.0,10,1.0,1838.5452163307211,1895.944324473919,1990.4561061144354,2224.073044874064,2241.48831479449,2438.269387369318,2.7195414916032123,2.512297717758784,2.2481276015298857,2.051306409204371,2,2,100.0,0.9,True,True,corrected_energy_ESS_only,True
pristine_p100,80,1.49,10,10,1.0,10,1.0,10,1.0,1587.2769069265191,1622.2413682872796,1767.8823555531462,1941.8247255052927,2077.700519668268,2213.2169551131146,3.150048978965879,2.8285361166515752,2.574897689954444,2.2591836814899047,2,2,100.0,0.9,True,True,corrected_energy_ESS_only,True
pristine_p100,80,1.5,10,10,1.0,10,1.0,10,1.0,1199.29858046771,1264.8577901494345,1398.3072041593564,1542.0043834645176,1696.1366961346594,1842.3455110770492,4.169103575566702,3.5760060804015774,3.242532935455208,2.7163452154854837,2,2,100.0,0.9,True,True,corrected_energy_ESS_only,True
pristine_p100,80,1.51,10,10,1.0,10,1.0,10,1.0,867.3879059302483,950.0187036995874,1049.0378693795776,1256.5456915499733,1280.2269819197013,1414.9666813336905,5.764433612476584,4.772761697822693,3.979162901615144,3.5336722060373917,2,2,100.0,0.9,True,True,corrected_energy_ESS_only,True
pristine_p100,80,1.52,10,10,1.0,10,1.0,10,1.0,546.7904786645297,612.2886959085573,660.5264967637424,844.915593273449,873.314031897936,1048.051584103545,9.144270420018838,7.569733497966401,5.917750885184335,4.7726139896705675,2,2,100.0,0.9,True,True,corrected_energy_ESS_only,True
pristine_p100,80,1.53,10,10,1.0,10,1.0,10,1.0,275.33349406838187,291.0416125183955,409.8433210648693,786.7696356353966,807.2535123553732,913.3671250829484,18.159795694010985,12.202927524434472,6.3551003667827,5.475888119149152,2,2,100.0,0.9,True,True,corrected_energy_ESS_only,True
pristine_p100,80,1.54,10,10,1.0,10,1.0,10,1.0,208.4419958400136,227.9428773452899,277.71506447959433,1000.3274064853726,1003.0034303556816,1076.5226898060357,23.98748860492428,18.004141236953192,4.9983635033727465,4.645190826446938,2,2,100.0,0.9,True,True,corrected_energy_ESS_only,True
pristine_p100,80,1.55,10,10,1.0,10,1.0,10,1.0,146.49437284118937,154.9343297617246,194.90136116598148,1101.841804844206,1171.4621338865531,1288.4763027885406,34.13100382647712,25.684147223708635,4.537856503554038,3.8805526273902533,2,2,100.0,0.9,True,True,corrected_energy_ESS_only,True
pristine_p100,80,1.56,10,9,0.9,10,1.0,9,0.9,69.77304979498702,97.81022026210628,128.4481982469376,1084.7230557129699,1208.0169077471694,1336.7409387098014,71.66090653470668,38.93574733845615,4.609471490134029,3.7479940949513972,2,2,100.0,0.9,True,True,corrected_energy_ESS_only,True
pristine_p100,80,1.57,10,5,0.5,10,1.0,5,0.5,87.22477062918453,87.49835389446157,102.92165078662228,1149.7474114568583,1156.223071176713,1232.0525750609609,57.32316593019564,48.63517314677466,4.3487812628901175,4.059999796788081,2,2,100.0,0.9,False,False,corrected_energy_ESS_only,False
pristine_p100,80,1.58,10,3,0.3,10,1.0,3,0.3,46.12563674236423,54.64767645945081,85.29391386646398,924.8870553932195,987.4925991818129,1118.0643564519335,108.399587585698,58.6606321860268,5.406065498315607,4.473903362904302,2,2,100.0,0.9,False,False,corrected_energy_ESS_only,False
pristine_p100,80,1.59,10,0,0.0,10,1.0,0,0.0,49.49328244048839,56.45571554577916,67.01139530189184,900.5929519814179,906.6829838884247,1030.2530198815834,101.0238107769896,74.62889487228414,5.551897768019804,4.853186751841751,2,2,100.0,0.9,False,False,corrected_energy_ESS_only,False
pristine_p100,80,1.6,10,0,0.0,10,1.0,0,0.0,26.332588223470168,30.699846217684314,52.872487762875906,698.39869802047,806.3001419638613,874.0045699450661,189.87879040099492,94.5981518733636,7.159234423219744,5.720914955201168,2,2,100.0,0.9,False,False,corrected_energy_ESS_only,False
pristine_p100,80,1.61,10,0,0.0,10,1.0,0,0.0,25.3209392395337,34.45749397065239,56.5695471575617,638.4069785113289,638.6193316868873,731.255065707662,197.46502895095915,88.42512536294964,7.83199458699412,6.84924163407523,2,2,100.0,0.9,False,False,corrected_energy_ESS_only,False
pristine_p100,80,1.62,10,0,0.0,10,1.0,0,0.0,33.56025638313514,35.243258610495054,49.979016811828174,505.8834714793754,506.50048561411313,625.1409832679808,148.98575097038363,100.11302327097258,9.883699076742513,7.999418213547752,2,2,100.0,0.9,False,False,corrected_energy_ESS_only,False
pristine_p100,100,1.42,10,10,1.0,10,1.0,10,1.0,2807.5358152548865,2957.9756570339955,3014.1482129210176,3034.5012885699,3149.9304717761997,3353.841593199394,1.7809211810699794,1.6588663403958237,1.6477172110071507,1.490924854836424,2,2,100.0,0.9,True,True,corrected_energy_ESS_only,True
pristine_p100,100,1.43,10,10,1.0,10,1.0,10,1.0,2930.240270787784,2948.908478859649,3003.5922387545406,3016.3645914261388,3162.0806387678076,3297.932581280115,1.7063447150891038,1.6647118358304365,1.6576245504977227,1.5161015817328996,2,2,100.0,0.9,True,True,corrected_energy_ESS_only,True
pristine_p100,100,1.44,10,10,1.0,10,1.0,10,1.0,2613.9807618998093,2646.226549211859,2878.804632744364,2880.800853203408,2881.9340824066976,3197.340890910795,1.9127914301733653,1.7368405685543902,1.73562847790748,1.5643431303571633,2,2,100.0,0.9,True,True,corrected_energy_ESS_only,True
pristine_p100,100,1.45,10,10,1.0,10,1.0,10,1.0,2388.183701134886,2557.466522160567,2683.728141962635,2673.8152792119504,2843.921106047651,3048.078380761419,2.093641287989678,1.8631089532886727,1.8699870701141488,1.6403798359386599,2,2,100.0,0.9,True,True,corrected_energy_ESS_only,True
pristine_p100,100,1.46,10,10,1.0,10,1.0,10,1.0,1979.99448724542,2208.018561085931,2457.3618767498037,2544.2520191680183,2738.5935752744767,2869.1579245840676,2.525259556129386,2.0354690766505024,1.965214122787656,1.7427563543415487,2,2,100.0,0.9,True,True,corrected_energy_ESS_only,True
pristine_p100,100,1.47,10,10,1.0,10,1.0,10,1.0,2166.81715554703,2169.7454236371386,2257.3523158678354,2447.957346901512,2517.5684026989716,2700.731104154719,2.307532034809698,2.2150085990184176,2.0425192482739623,1.8514541859200344,2,2,100.0,0.9,True,True,corrected_energy_ESS_only,True
pristine_p100,100,1.48,10,10,1.0,10,1.0,10,1.0,1825.5828719122312,1899.3143954064049,2011.571454893332,2229.531617230527,2241.4085785617167,2413.583086724765,2.738851287952041,2.486183995613393,2.242623500540838,2.0717746736160185,2,2,100.0,0.9,True,True,corrected_energy_ESS_only,True
pristine_p100,100,1.49,10,10,1.0,10,1.0,10,1.0,1513.0715409258103,1566.5782201487507,1645.4603092480534,1909.3776164616172,1968.4460852927625,2122.186050262996,3.304536411371948,3.0393239172973017,2.618654349403028,2.356076071698528,2,2,100.0,0.9,True,True,corrected_energy_ESS_only,True
pristine_p100,100,1.5,10,10,1.0,10,1.0,10,1.0,1266.072804147124,1304.779454346339,1369.7817478420197,1634.0597753363434,1675.689260031321,1766.8970759508093,3.9492199687269913,3.650574265989897,3.0598635836139074,2.830151947314949,2,2,100.0,0.9,True,True,corrected_energy_ESS_only,True
pristine_p100,100,1.51,10,10,1.0,10,1.0,10,1.0,798.2995847073048,839.4975640628593,968.3270738179426,1118.4142142461922,1119.357834049711,1329.21489252153,6.2633127910660775,5.164279533879943,4.470615570073012,3.761619696201093,2,2,100.0,0.9,True,True,corrected_energy_ESS_only,True
pristine_p100,100,1.52,10,10,1.0,10,1.0,10,1.0,435.4190343304568,480.23578652367297,506.1344085632942,737.6536869758435,758.9875640580993,941.698213268327,11.483191146405652,9.87900168631162,6.7782485037097615,5.312213067676444,2,2,100.0,0.9,True,True,corrected_energy_ESS_only,True
pristine_p100,100,1.53,10,10,1.0,10,1.0,10,1.0,284.48280773096815,308.67098266001574,374.8198907631745,706.0705434718697,778.7487525564967,901.6599560653403,17.57575454165384,13.339751219657149,7.08144539696295,5.545332443824121,2,2,100.0,0.9,True,True,corrected_energy_ESS_only,True
pristine_p100,100,1.54,10,10,1.0,10,1.0,10,1.0,150.60246633097168,171.61757800430604,191.67051102677982,795.5374805827933,910.8512061865985,967.4510470621681,33.19998750227466,26.088126463897126,6.285058997266993,5.174607407107397,2,2,100.0,0.9,True,True,corrected_energy_ESS_only,True
pristine_p100,100,1.55,10,7,0.7,10,1.0,7,0.7,74.5189837012417,86.36254382653624,123.18674995918107,1014.9582411239126,1142.3615973329945,1284.1780566431612,67.0969966531721,40.59750342322862,4.926311051441148,3.893913577365844,2,2,100.0,0.9,False,False,corrected_energy_ESS_only,False
pristine_p100,100,1.56,10,4,0.4,10,1.0,4,0.4,64.46969259835261,66.71935130277397,92.88177683164056,1013.3566591240042,1101.410549857959,1198.5626649970163,77.55582194489577,53.88435441006031,4.934096948967848,4.17217282233541,2,2,100.0,0.9,False,False,corrected_energy_ESS_only,False
pristine_p100,100,1.57,10,1,0.1,10,1.0,1,0.1,48.126538282238506,59.44650741263909,81.56431754326951,930.2143343886846,960.7370318306054,1003.4401876545805,103.8927830353693,61.358224679207325,5.375105301173288,4.983026070435434,2,2,100.0,0.9,False,False,corrected_energy_ESS_only,False
pristine_p100,100,1.58,10,1,0.1,10,1.0,1,0.1,32.56442516559924,35.83390661591739,53.151802727734186,745.6325786696726,785.8027951509392,839.4711099403712,153.5417860003239,94.0877280002104,6.705715580347625,5.956154390860829,2,2,100.0,0.9,False,False,corrected_energy_ESS_only,False
pristine_p100,100,1.59,10,0,0.0,10,1.0,0,0.0,27.130175115098385,34.23146305876607,47.25450309543542,705.0000652466565,770.5962771852727,849.6863861051681,184.2966357123666,105.86386344713418,7.092197925188366,5.884564949355102,2,2,100.0,0.9,False,False,corrected_energy_ESS_only,False
pristine_p100,100,1.6,10,0,0.0,10,1.0,0,0.0,27.526803589910728,31.761099607147433,41.33816440352065,558.8969468936795,566.8586444514884,637.1210507547901,181.64114055845653,120.96789311807026,8.946193082266317,7.847832155745014,2,2,100.0,0.9,False,False,corrected_energy_ESS_only,False
pristine_p100,100,1.61,10,0,0.0,10,1.0,0,0.0,15.215825892278717,19.750292547428067,34.599890147250356,440.0671383431468,474.9237492511241,532.8547181223311,328.6052321706214,146.17018847163774,11.36190268336101,9.384283593379473,2,2,100.0,0.9,False,False,corrected_energy_ESS_only,False
pristine_p100,100,1.62,10,0,0.0,10,1.0,0,0.0,16.627330736549936,16.748084369766236,23.955943456077684,308.432808760485,367.8979129571395,461.9853102999068,300.7097217961196,208.82157549345675,16.21098617910903,10.835122711253138,2,2,100.0,0.9,False,False,corrected_energy_ESS_only,False
pristine_p100,120,1.42,10,10,1.0,10,1.0,10,1.0,2812.979430682992,2900.027514006997,2988.395351750428,3143.874486655138,3198.579081093934,3346.0386055559475,1.7774747818849137,1.6731387288091424,1.5903942798046145,1.4950183910502173,2,2,100.0,0.9,True,True,corrected_energy_ESS_only,True
pristine_p100,120,1.43,10,10,1.0,10,1.0,10,1.0,2642.626562448964,2692.8901847400593,3004.615953043447,2932.055158748415,2990.5171081348835,3386.023263344221,1.89205696750676,1.6641886950356826,1.7052885192426983,1.476682519133723,2,2,100.0,0.9,True,True,corrected_energy_ESS_only,True
pristine_p100,120,1.44,10,10,1.0,10,1.0,10,1.0,2704.4162678483062,2743.854796315251,2846.995427168281,3067.5448691739084,3079.0516336367536,3173.6459097647758,1.8488278078500504,1.756297477160975,1.629968008046286,1.5754794557103087,2,2,100.0,0.9,True,True,corrected_energy_ESS_only,True
pristine_p100,120,1.45,10,10,1.0,10,1.0,10,1.0,2465.3925545490556,2523.8646056346493,2719.6287976319763,2786.456669893234,2825.654949057832,2947.2110879934116,2.0280745923298,1.8384952468187234,1.794393594568826,1.6966523133016194,2,2,100.0,0.9,True,True,corrected_energy_ESS_only,True
pristine_p100,120,1.46,10,10,1.0,10,1.0,10,1.0,2174.158854378497,2350.9144577550114,2474.72435328577,2547.54543891361,2642.1178152741854,2999.6287523765345,2.2997399614708907,2.0204314732394906,1.9626735302245404,1.666905009082806,2,2,100.0,0.9,True,True,corrected_energy_ESS_only,True
pristine_p100,120,1.47,10,10,1.0,10,1.0,10,1.0,2153.909451923578,2166.6150551906812,2288.350062496088,2529.2591757032505,2538.395976181922,2678.3874557369036,2.3213603503780917,2.184985361649872,1.976863442082708,1.8669434933534022,2,2,100.0,0.9,True,True,corrected_energy_ESS_only,True
pristine_p100,120,1.48,10,10,1.0,10,1.0,10,1.0,1860.3776808215673,1886.1449229608504,2000.7046373981425,2290.0214938553854,2337.113082639739,2414.8517518410927,2.6876263091868178,2.499124945133037,2.1833856203603603,2.0705222334563915,2,2,100.0,0.9,True,True,corrected_energy_ESS_only,True
pristine_p100,120,1.49,10,10,1.0,10,1.0,10,1.0,1570.9694602100692,1594.69369446113,1710.6107069845816,2046.3897283160431,2064.1175647009477,2182.9866289182837,3.1827480588524,2.9229327371281726,2.443327353931969,2.290490759108292,2,2,100.0,0.9,True,True,corrected_energy_ESS_only,True
pristine_p100,120,1.5,10,10,1.0,10,1.0,10,1.0,1289.6054634065079,1292.470313728567,1319.8077818053118,1470.827933403173,1528.2719700433006,1833.9168223191573,3.877154790266197,3.7884929244977705,3.3994459082858848,2.7265084470873635,2,2,100.0,0.9,True,True,corrected_energy_ESS_only,True
pristine_p100,120,1.51,10,10,1.0,10,1.0,10,1.0,858.1469052321027,899.1443851297272,993.3370023689752,1101.62718011637,1212.2852150738213,1430.3849310376118,5.8265082231435095,5.03369894476395,4.538740592322555,3.4957436470814365,2,2,100.0,0.9,True,True,corrected_energy_ESS_only,True
pristine_p100,120,1.52,10,10,1.0,10,1.0,10,1.0,382.0390260398042,393.04258319804813,470.08280743847547,687.4442897469128,763.3810568224103,858.1861087683028,13.08766816790873,10.642761667658252,7.273316652089415,5.839871173384415,2,2,100.0,0.9,True,True,corrected_energy_ESS_only,True
pristine_p100,120,1.53,10,10,1.0,10,1.0,10,1.0,190.12065673089623,198.18137417848143,271.94127929124033,706.9702673334408,752.0320739287883,848.2971443050137,26.29908862074458,18.3890810872125,7.072433214000727,5.894457949756562,2,2,100.0,0.9,True,True,corrected_energy_ESS_only,True
pristine_p100,120,1.54,10,10,1.0,10,1.0,10,1.0,103.41087789051794,108.27993659570664,126.24681359432995,917.590406354953,1057.1559942626945,1114.7320226837571,48.35081281578082,39.61335675624548,5.449054355158375,4.487148339802323,2,2,100.0,0.9,True,True,corrected_energy_ESS_only,True
pristine_p100,120,1.55,10,0,0.0,10,1.0,0,0.0,41.7805184379248,44.91579335748779,60.59903778333084,1090.5296898790668,1111.6021400303541,1188.6031621270033,119.67300040636704,85.64725756310636,4.584927899170237,4.206618607042278,2,2,100.0,0.9,False,False,corrected_energy_ESS_only,False
pristine_p100,120,1.56,10,0,0.0,10,1.0,0,0.0,14.577971410663272,18.582474181135524,29.026226482911724,846.7972000520018,854.7091030338582,1025.18064697949,342.98324911946776,172.56407322376566,5.90460147918882,4.8822585287185865,2,2,100.0,0.9,False,False,corrected_energy_ESS_only,False
pristine_p100,120,1.57,10,0,0.0,10,1.0,0,0.0,12.221901196516251,12.647304002906665,17.71817127825944,721.4419643707288,725.1138070752772,815.8123423766802,409.1016544484264,282.24020969241974,6.930564407022268,6.136012148531938,2,2,100.0,0.9,False,False,corrected_energy_ESS_only,False
pristine_p100,120,1.58,10,0,0.0,10,1.0,0,0.0,11.11756259151962,13.007225233343442,14.111193678689009,507.9068189201378,532.8704147624247,661.8758832655441,449.7388666661482,354.3397162950333,9.844325403290538,7.554325218622292,2,2,100.0,0.9,False,False,corrected_energy_ESS_only,False
pristine_p100,120,1.59,10,0,0.0,10,1.0,0,0.0,9.70796992664192,10.199937866534267,10.69161985285818,352.5500785083617,406.42003439163375,519.9159451804185,515.0407384635923,467.6656637674681,14.182382319002697,9.621949743282055,2,2,100.0,0.9,False,False,corrected_energy_ESS_only,False
pristine_p100,120,1.6,10,0,0.0,10,1.0,0,0.0,8.594495874415674,9.189263117493022,11.133277714524223,333.8074276031316,349.4717765464105,430.70299453063996,581.7676886534013,449.30376139137604,14.97869605808943,11.614958671053637,2,2,100.0,0.9,False,False,corrected_energy_ESS_only,False
pristine_p100,120,1.61,10,0,0.0,10,1.0,0,0.0,7.277821366393678,7.47607627785689,8.313044330531204,209.26639982290664,278.379765806742,336.17239621210007,687.0187860185981,601.5209212292524,23.89299000810111,14.877467344074422,2,2,100.0,0.9,False,False,corrected_energy_ESS_only,False
pristine_p100,120,1.62,10,0,0.0,10,1.0,0,0.0,6.046766378769239,6.168702918964244,7.466277551392954,211.88505561446692,213.26622584219118,290.4318816394682,826.8882385725149,669.7286236328952,23.59770010914641,17.220936003945624,2,2,100.0,0.9,False,False,corrected_energy_ESS_only,False
random_p080,40,0.859963992799,60,60,1.0,60,1.0,60,1.0,993.7908156695543,2304.0655893635158,2888.467068025837,2602.5876490829523,3129.4575395406855,3738.3050279512713,5.031239895924488,1.73121327909169,1.921164884403336,1.3375126538302151,2,2,100.0,0.9,True,True,corrected_energy_ESS_only,True
random_p080,40,0.869963992799,60,60,1.0,60,1.0,60,1.0,1007.0408058019387,1979.4108551974305,2740.3564856794424,2565.219847508491,2936.4566241150083,3647.001763179718,4.965042102756045,1.8245801851879988,1.9491506760546573,1.3710037522529428,2,2,100.0,0.9,True,True,corrected_energy_ESS_only,True
random_p080,40,0.879963992799,60,60,1.0,60,1.0,60,1.0,845.0212234556557,1848.1521596027198,2592.135843210598,2424.817161127777,2752.4724772130967,3497.5796236699944,5.917011148610975,1.9289116188778164,2.062011140532555,1.4295722734172485,2,2,100.0,0.9,True,True,corrected_energy_ESS_only,True
random_p080,40,0.889963992799,60,60,1.0,60,1.0,60,1.0,793.5006271463777,1579.4069177219703,2395.9945631838,2188.84632348555,2734.9707734593317,3322.900495028727,6.301192247296921,2.0873427227668264,2.2843083803334028,1.5047097034421473,2,2,100.0,0.9,True,True,corrected_energy_ESS_only,True
random_p080,40,0.899963992799,60,60,1.0,60,1.0,60,1.0,604.309656685596,1477.3526136748594,2182.9379601375035,1972.2699916736412,2562.3907004550683,3185.5082321204327,8.273903858202532,2.290561669617631,2.53514986341047,1.5696092954244247,2,2,100.0,0.9,True,True,corrected_energy_ESS_only,True
random_p080,40,0.909963992799,60,60,1.0,60,1.0,60,1.0,395.2719601145286,1171.6350694190528,2038.8680661406124,2210.94853754992,2437.6963411489437,3001.696883618998,12.649518570837325,2.4523500151462656,2.261472809105177,1.665726469261391,2,2,100.0,0.9,True,True,corrected_energy_ESS_only,True
random_p080,40,0.919963992799,60,60,1.0,60,1.0,60,1.0,550.1955824657816,1099.6981491126526,1784.9765584336305,2162.584768699697,2505.7290752009167,2809.448751525153,9.087677472057797,2.8026356562291865,2.3120480974285056,1.779708567616144,2,2,100.0,0.9,True,True,corrected_energy_ESS_only,True
random_p080,40,0.929963992799,60,60,1.0,60,1.0,60,1.0,469.41880771839,962.3942119029213,1637.5612780117635,2273.2559910734635,2427.9778113534467,2726.867219083764,10.65146925898112,3.0533744627955786,2.1994883196761883,1.8336107569086821,2,2,100.0,0.9,True,True,corrected_energy_ESS_only,True
random_p080,40,0.939963992799,60,60,1.0,60,1.0,60,1.0,375.07194760297415,756.5592915447947,1429.9419674805138,2010.3415536508,2250.300523141247,2599.247353771933,13.330775687049416,3.496708954108837,2.4871395564201277,1.9236359754078132,2,2,100.0,0.9,True,True,corrected_energy_ESS_only,True
random_p080,40,0.949963992799,60,60,1.0,60,1.0,60,1.0,315.6255652068406,708.3236232598895,1296.4617099464735,2173.6193992709345,2276.4904264639313,2518.18486123383,15.841555790080957,3.8566512990600574,2.300310717541938,1.985558433059373,2,2,100.0,0.9,True,True,corrected_energy_ESS_only,True
random_p080,40,0.959963992799,60,60,1.0,60,1.0,60,1.0,308.93780383932074,587.3779654391312,1138.3652144600278,2123.5383032755585,2196.639797342244,2418.931094360413,16.184487420647656,4.392276240946799,2.35456077824803,2.067037532981467,2,2,100.0,0.9,True,True,corrected_energy_ESS_only,True
random_p080,40,0.969963992799,60,60,1.0,60,1.0,60,1.0,299.4466542797222,538.8286800280902,968.547494192027,2093.0065554326816,2177.4574567419436,2384.317212230185,16.69746490247758,5.162369882823733,2.38890795015516,2.097082977457728,2,2,100.0,0.9,True,True,corrected_energy_ESS_only,True
random_p080,40,0.979963992799,60,60,1.0,60,1.0,60,1.0,201.24702573338115,413.3069003550505,773.0630401520204,1995.1087604229915,2134.863616350296,2320.672410193365,24.845087681564888,6.467983453981875,2.5061290387697603,2.154554665001325,2,2,100.0,0.9,True,True,corrected_energy_ESS_only,True
random_p080,40,0.989963992799,60,60,1.0,60,1.0,60,1.0,234.38280360264983,383.0347302245994,685.5182415031376,1939.3006348140416,2090.487405895053,2324.6343509584167,21.33262305572776,7.294895416646987,2.578249040009956,2.1509057572902255,2,2,100.0,0.9,True,True,corrected_energy_ESS_only,True
random_p080,40,0.999963992799,60,60,1.0,60,1.0,60,1.0,139.62476834761515,317.05805157884816,605.9429267643574,1857.887280702248,2018.4864693226896,2325.1960107177383,35.810265321635555,8.251735510686807,2.69122893080472,2.150356349532196,2,2,100.0,0.9,True,True,corrected_energy_ESS_only,True
random_p080,40,1.009963992799,60,60,1.0,60,1.0,60,1.0,225.41785232551712,329.2658379286894,510.66177443506297,1862.8744032329976,2096.57605354279,2316.527715345531,22.181029356892704,9.791300100782838,2.6840242108231,2.1584028453229696,2,2,100.0,0.9,True,True,corrected_energy_ESS_only,True
random_p080,40,1.019963992799,60,60,1.0,60,1.0,60,1.0,183.47592303307763,271.05880716880625,448.1928461484123,1598.7650862389191,1946.954493207023,2244.218745343628,27.251532066682035,11.155912184227024,3.127413803964444,2.227959212970781,2,2,100.0,0.9,True,True,corrected_energy_ESS_only,True
random_p080,60,0.859963992799,60,60,1.0,60,1.0,60,1.0,1807.8974102187233,2115.9750626753016,2609.826766824482,2710.7897614335757,3066.723259299303,3676.2494803440054,2.765643654191136,1.9158513823923566,1.8444809225470131,1.3600826845155773,2,2,100.0,0.9,True,True,corrected_energy_ESS_only,True
random_p080,60,0.869963992799,60,60,1.0,60,1.0,60,1.0,1407.30953525371,1947.992268236878,2390.0999898178097,2653.861983178206,2913.1304492253807,3400.3620639051205,3.5528786487605224,2.091962689345226,1.88404673328645,1.4704323059643845,2,2,100.0,0.9,True,True,corrected_energy_ESS_only,True
random_p080,60,0.879963992799,60,60,1.0,60,1.0,60,1.0,1461.300093350881,1836.5259083304713,2164.361551357818,2474.809924656977,2811.638056650876,3182.78298518863,3.4216106758294864,2.3101849363550424,2.020357179831913,1.5710035424520745,2,2,100.0,0.9,True,True,corrected_energy_ESS_only,True
random_p080,60,0.889963992799,60,60,1.0,60,1.0,60,1.0,1085.6119474458717,1551.1958404025797,1983.429194857164,2228.316186747372,2433.4742801019884,2962.6077090742006,4.605697285999423,2.520982535854296,2.2438467349188893,1.6877398870038411,2,2,100.0,0.9,True,True,corrected_energy_ESS_only,True
random_p080,60,0.899963992799,60,60,1.0,60,1.0,60,1.0,864.2200493137395,1310.018637086494,1729.5027657512135,2049.986009497082,2322.0111088009608,2736.613821131883,5.78556353092063,2.8910178338137067,2.439041035810112,1.827076680930411,2,2,100.0,0.9,True,True,corrected_energy_ESS_only,True
random_p080,60,0.909963992799,60,60,1.0,60,1.0,60,1.0,724.1241298939761,1023.0602709419085,1531.658111488664,1842.5581659326713,2160.0094905824208,2561.446892190066,6.904893503178913,3.2646219338643645,2.71361853994394,1.952021978951262,2,2,100.0,0.9,True,True,corrected_energy_ESS_only,True
random_p080,60,0.919963992799,60,60,1.0,60,1.0,60,1.0,600.3673021074186,848.5837068998017,1202.0335588163643,1884.1700059206428,2128.2985939075734,2375.9472522698534,8.328235036200208,4.159617653944177,2.6536883531148776,2.1044252810010673,2,2,100.0,0.9,True,True,corrected_energy_ESS_only,True
random_p080,60,0.929963992799,60,60,1.0,60,1.0,60,1.0,448.05956680581113,658.9960685365863,1032.8527189341703,1811.7908860130945,1995.9113544320426,2293.071616179599,11.159230536342948,4.841168680711739,2.759700381870595,2.1804865190703673,2,2,100.0,0.9,True,True,corrected_energy_ESS_only,True
random_p080,60,0.939963992799,60,60,1.0,60,1.0,60,1.0,452.5143155259219,566.4402043132133,822.6876074225213,1811.2662750074487,1957.9692507336777,2203.6192948357157,11.049374193143242,6.07790020021061,2.7604996951535674,2.2689944753891558,2,2,100.0,0.9,True,True,corrected_energy_ESS_only,True
random_p080,60,0.949963992799,60,60,1.0,60,1.0,60,1.0,288.0719166531103,472.98634274150953,724.6326595589476,1701.879915403273,1958.0488299350689,2163.3002762315627,17.356776939908677,6.900126487292033,2.9379276144846056,2.311318188933967,2,2,100.0,0.9,True,True,corrected_energy_ESS_only,True
random_p080,60,0.959963992799,60,60,1.0,60,1.0,60,1.0,295.0763006808674,334.85635468245357,513.9926949179982,1621.2009897600667,1913.73939246707,2115.993038856518,16.944769839064875,9.727764951546828,3.0841333255909165,2.362971109268421,2,2,100.0,0.9,True,True,corrected_energy_ESS_only,True
random_p080,60,0.969963992799,60,60,1.0,60,1.0,60,1.0,199.461703231926,300.9304813108121,458.169309025716,1710.5544292688783,1845.3020633624371,2128.341431230482,25.067468686889747,10.913865973053742,2.923028881423604,2.3492475591648674,2,2,100.0,0.9,True,True,corrected_energy_ESS_only,True
random_p080,60,0.979963992799,60,60,1.0,60,1.0,60,1.0,136.75813905325927,224.42154319437057,364.6202707670479,1631.6839483020972,1882.3895774106434,2126.94882003797,36.56089527551112,13.71296362505437,3.064318923528613,2.3507873793245975,2,2,100.0,0.9,True,True,corrected_energy_ESS_only,True
random_p080,60,0.989963992799,60,60,1.0,60,1.0,60,1.0,148.0604813871997,208.479347714382,291.20689081798525,1629.888427552441,1889.1348335095793,2105.8645574357142,33.76998340917366,17.1700297673093,3.0676946442943724,2.374325342097654,2,2,100.0,0.9,True,True,corrected_energy_ESS_only,True
random_p080,60,0.999963992799,60,60,1.0,60,1.0,60,1.0,108.94140534326002,160.5159831470013,239.27180739451,1488.8597578379456,1767.487776872849,2007.2735075442433,45.89623187112061,20.89828677113381,3.358274661987488,2.490941302010353,2,2,100.0,0.9,True,True,corrected_energy_ESS_only,True
random_p080,60,1.009963992799,60,59,0.9833333333333333,60,1.0,59,0.9833333333333333,89.31690281395016,138.1194367353225,202.56920196905804,1463.811323197583,1704.4483856763418,1911.1206061717767,55.980445385742414,24.68294695799326,3.415740758910025,2.616367708544484,2,2,100.0,0.9,True,True,corrected_energy_ESS_only,True
random_p080,60,1.019963992799,60,57,0.95,60,1.0,57,0.95,75.86666212594443,117.59765955028061,172.45564527206687,1307.4873617271032,1602.547313991945,1863.50077578964,65.90510060531751,28.997120863211734,3.824128742166452,2.68312255860772,2,2,100.0,0.9,True,True,corrected_energy_ESS_only,True
random_p080,80,0.859963992799,60,60,1.0,60,1.0,60,1.0,1485.1519752935872,2143.3487838077695,2650.6918570788675,2906.640404201644,3261.9413532560193,3601.2067247814757,3.3666588222471927,1.8863022515072123,1.7201990286697786,1.3884235829709808,2,2,100.0,0.9,True,True,corrected_energy_ESS_only,True
random_p080,80,0.869963992799,60,60,1.0,60,1.0,60,1.0,1189.9130192160612,1933.900387876945,2413.7008976050456,2521.450597986233,2955.319629291412,3508.2987031498487,4.201987808566126,2.071535616536506,1.982985510004944,1.4251970581728985,2,2,100.0,0.9,True,True,corrected_energy_ESS_only,True
random_p080,80,0.879963992799,60,60,1.0,60,1.0,60,1.0,1189.5145561192912,1739.9290238613528,2180.0749010153995,2183.1461946435647,2770.6808061625757,3320.558184193559,4.203395388713992,2.293505189706696,2.29027264058985,1.5058489681200002,2,2,100.0,0.9,True,True,corrected_energy_ESS_only,True
random_p080,80,0.889963992799,60,60,1.0,60,1.0,60,1.0,989.5086243774476,1450.6402603416377,1975.9005100685222,1965.4598844532015,2518.831021813287,3051.660627688122,5.053013058017322,2.5305304437340403,2.543933885168569,1.6385507817657121,2,2,100.0,0.9,True,True,corrected_energy_ESS_only,True
random_p080,80,0.899963992799,60,60,1.0,60,1.0,60,1.0,738.6864855720956,1179.3250709387228,1809.051924311791,1983.7748474068528,2223.997825783883,2760.7389979122972,6.768771458066699,2.7639648457570214,2.5204473211946863,1.8111600440107307,2,2,100.0,0.9,True,True,corrected_energy_ESS_only,True
random_p080,80,0.909963992799,60,60,1.0,60,1.0,60,1.0,512.2219951781353,968.0834712085351,1540.4077099554256,1720.8830764093464,2138.0029198929765,2558.122360140073,9.761392613101574,3.2459021827958274,2.905485020186607,1.9545681265034331,2,2,100.0,0.9,True,True,corrected_energy_ESS_only,True
random_p080,80,0.919963992799,60,60,1.0,60,1.0,60,1.0,407.5269453686638,755.8396377270094,1205.485635028842,1771.4367808936217,1938.4315098936254,2251.513434288493,12.269127371386,4.14771172068113,2.822567564323516,2.220735522524968,2,2,100.0,0.9,True,True,corrected_energy_ESS_only,True
random_p080,80,0.929963992799,60,60,1.0,60,1.0,60,1.0,290.7174032611801,574.9465142598254,958.5689391009366,1678.8200012251996,1878.3432307803023,2101.3989693933872,17.19883276305962,5.2161802230679895,2.978282362820916,2.3793908073195866,2,2,100.0,0.9,True,True,corrected_energy_ESS_only,True
random_p080,80,0.939963992799,60,60,1.0,60,1.0,60,1.0,232.69024210963673,391.99918531210454,723.2690472670788,1621.8366691730264,1833.359790869964,2027.457129913892,21.48779405044475,6.913201274447535,3.08292449852518,2.4661436368423026,2,2,100.0,0.9,True,True,corrected_energy_ESS_only,True
random_p080,80,0.949963992799,60,60,1.0,60,1.0,60,1.0,180.2228376337225,304.4332440322673,558.9404743187538,1652.1818404533585,1789.9417169923659,1993.3609607291132,27.743431773956395,8.946401132089573,3.026301268768334,2.5084057667375994,2,2,100.0,0.9,True,True,corrected_energy_ESS_only,True
random_p080,80,0.959963992799,60,60,1.0,60,1.0,60,1.0,146.3997645819282,243.08052897074495,402.5628912847185,1610.8665879004188,1819.5005541105875,1960.5623630887576,34.15306038420507,12.420476757417598,3.1039193671009904,2.550288754330831,2,2,100.0,0.9,True,True,corrected_energy_ESS_only,True
random_p080,80,0.969963992799,60,59,0.9833333333333333,60,1.0,59,0.9833333333333333,79.39158978719584,187.4318982625652,331.20356764887356,1646.046786733087,1739.7238993340839,1955.2215576042488,62.978963053922776,15.096503918655952,3.037580729964251,2.557268963232806,2,2,100.0,0.9,True,True,corrected_energy_ESS_only,True
random_p080,80,0.979963992799,60,60,1.0,60,1.0,60,1.0,109.7820466820593,158.3607566718706,262.06292798068057,1640.6768781381775,1733.5962008871975,1897.8650880710998,45.54478761432224,19.084207112904423,3.0475226820249617,2.634539351584561,2,2,100.0,0.9,True,True,corrected_energy_ESS_only,True
random_p080,80,0.989963992799,60,57,0.95,60,1.0,57,0.95,65.48639262353475,119.28437413922593,197.71230560986453,1336.6033822407062,1591.0872689379423,1849.6999182355867,76.35173964679619,25.289919544551985,3.740825488274546,2.7031411981671,2,2,100.0,0.9,True,True,corrected_energy_ESS_only,True
random_p080,80,0.999963992799,60,57,0.95,60,1.0,57,0.95,61.89011216918342,107.53290703357003,156.88114266930697,1319.6892497985689,1435.3591501357625,1772.0172866216437,80.78834929773517,31.871291627483544,3.788770728232557,2.821896718891433,2,2,100.0,0.9,True,True,corrected_energy_ESS_only,True
random_p080,80,1.009963992799,60,45,0.75,60,1.0,45,0.75,62.55036594545794,86.87998563220087,133.15726326249103,1223.6859984046314,1327.2250544233216,1676.4020873666861,79.9355835001805,37.54958788211237,4.08601553545493,2.982586618163789,2,2,100.0,0.9,False,False,corrected_energy_ESS_only,False
random_p080,80,1.019963992799,60,40,0.6666666666666666,60,1.0,40,0.6666666666666666,27.54059626046453,62.01572855645786,113.34505256681356,1013.334495267126,1214.8349929960432,1484.1771972133406,181.55017243318264,44.11417558481702,4.934204868533509,3.3688702275506572,2,2,100.0,0.9,False,False,corrected_energy_ESS_only,False
random_p080,100,0.859963992799,60,60,1.0,60,1.0,60,1.0,1042.0198570010202,2078.958557446837,2400.934209552882,2921.4449787564727,3321.100346164732,3643.499256735371,4.798373050577197,2.0825458298049293,1.7114818305180863,1.3723076337811828,2,2,100.0,0.9,True,True,corrected_energy_ESS_only,True
random_p080,100,0.869963992799,60,60,1.0,60,1.0,60,1.0,1274.5483266227436,1790.6985435208244,2304.5594317754794,2636.1006120370016,3037.599126924693,3492.1962839298576,3.9229583496836375,2.1696122677143364,1.8967409579015784,1.431774506292253,2,2,100.0,0.9,True,True,corrected_energy_ESS_only,True
random_p080,100,0.879963992799,60,60,1.0,60,1.0,60,1.0,783.101857785492,1484.9128101977403,2120.226686182082,2255.634978084893,2858.2349301781865,3314.5715952629116,6.384865455611784,2.3582389380867723,2.216670715154968,1.5084931909927453,2,2,100.0,0.9,True,True,corrected_energy_ESS_only,True
random_p080,100,0.889963992799,60,60,1.0,60,1.0,60,1.0,897.0547189225754,1287.1250229413997,1866.0267629580624,2018.378592276752,2378.256081281925,3056.1799925789765,5.573795995416361,2.6795042197385293,2.477235945294063,1.6360333524265251,2,2,100.0,0.9,True,True,corrected_energy_ESS_only,True
random_p080,100,0.899963992799,60,60,1.0,60,1.0,60,1.0,698.7150480619956,1008.846955479288,1638.5856597346854,1912.1466476747107,2157.425693067918,2683.0583221663464,7.155993010123864,3.051419520390263,2.6148622053022508,1.863545151572226,2,2,100.0,0.9,True,True,corrected_energy_ESS_only,True
random_p080,100,0.909963992799,60,60,1.0,60,1.0,60,1.0,404.29647852317873,859.4202029338993,1319.1724138895204,1766.544339281083,1929.3516115374134,2325.213733709989,12.367161886405956,3.7902829161772287,2.8303846605032352,2.1503451222551044,2,2,100.0,0.9,True,True,corrected_energy_ESS_only,True
random_p080,100,0.919963992799,60,60,1.0,60,1.0,60,1.0,278.06922685823395,582.0644365450767,1001.0350149854569,1526.875663904386,1852.7921250331392,2122.7734917578837,17.981133894219493,4.995915190557906,3.274660876586676,2.3554162813274364,2,2,100.0,0.9,True,True,corrected_energy_ESS_only,True
random_p080,100,0.929963992799,60,60,1.0,60,1.0,60,1.0,229.6652629031512,484.28920813756076,776.6592079060842,1613.6650850457531,1721.6526568073505,1922.6726889269285,21.770815215135418,6.439423351997896,3.098536397878518,2.600546668971968,2,2,100.0,0.9,True,True,corrected_energy_ESS_only,True
random_p080,100,0.939963992799,60,60,1.0,60,1.0,60,1.0,152.72419616283793,319.42106171567144,562.4774214895369,1598.2547474962616,1677.8240354152072,1890.6193617155402,32.7387547331982,8.88947459949009,3.128412418503825,2.644635991819656,2,2,100.0,0.9,True,True,corrected_energy_ESS_only,True
random_p080,100,0.949963992799,60,60,1.0,60,1.0,60,1.0,107.88171241849687,236.11809060536393,375.349934109872,1581.0175194744877,1699.5288502468122,1871.9979422626484,46.34705816129337,13.321635020031714,3.1625203000039765,2.67094458655674,2,2,100.0,0.9,True,True,corrected_energy_ESS_only,True
random_p080,100,0.959963992799,60,59,0.9833333333333333,60,1.0,59,0.9833333333333333,91.07498841569985,171.85604188011848,290.9413048153431,1504.4611554097223,1665.360969812148,1872.0184502389757,54.89981483366383,17.187186149063585,3.3234490515232404,2.6709322674143303,2,2,100.0,0.9,True,True,corrected_energy_ESS_only,True
random_p080,100,0.969963992799,60,56,0.9333333333333333,60,1.0,56,0.9333333333333333,80.22746370564688,120.46517257415022,208.37579339480527,1406.9901798417934,1615.0180509686124,1875.3231929250692,62.32279781827469,23.99580301625836,3.553685073027458,2.6662097035081755,2,2,100.0,0.9,True,True,corrected_energy_ESS_only,True
random_p080,100,0.979963992799,60,53,0.8833333333333333,60,1.0,53,0.8833333333333333,68.36133066642087,93.1312110434774,153.25547753663867,1230.126586941567,1494.7836736534728,1815.756569890512,73.14076468754291,32.62685083417165,4.064622334869922,2.753673243608747,2,2,100.0,0.9,False,False,corrected_energy_ESS_only,False
random_p080,100,0.989963992799,60,41,0.6833333333333333,60,1.0,41,0.6833333333333333,39.7022565071269,72.1904032234838,126.17733408276465,1060.4301619317368,1333.136444336704,1601.664782171716,125.93742622922342,39.6270053815746,4.715067695633751,3.1217594870350016,2,2,100.0,0.9,False,False,corrected_energy_ESS_only,False
random_p080,100,0.999963992799,60,29,0.48333333333333334,60,1.0,29,0.48333333333333334,36.18388998398908,67.0695422242757,98.30564670257345,963.3243696092925,1145.2433900239835,1427.9083011183823,138.18304229347473,50.866081676771806,5.190359714483204,3.5016383675182987,2,2,100.0,0.9,False,False,corrected_energy_ESS_only,False
random_p080,100,1.009963992799,60,16,0.26666666666666666,60,1.0,16,0.26666666666666666,18.25333194992533,37.259310915357695,88.08831700517142,904.7794904673334,1074.146621067059,1323.1306213098533,273.9225919802798,56.761219866868714,5.526208377488109,3.7789464198170455,2,2,100.0,0.9,False,False,corrected_energy_ESS_only,False
random_p080,100,1.019963992799,60,9,0.15,60,1.0,9,0.15,21.351082023312863,41.932970730913695,72.95512890475855,824.4471514935377,875.7389847331017,1146.9759392498659,234.1801691614781,68.63119584443663,6.064670113714611,4.359312816395225,2,2,100.0,0.9,False,False,corrected_energy_ESS_only,False
random_p080,120,0.859963992799,60,60,1.0,60,1.0,60,1.0,1289.6444320887488,1617.8090110524088,2156.9011611592177,3223.1597323422147,3433.9132415985528,3610.3490244830828,3.8770376357938,2.318142984007631,1.5512727929144814,1.3849090098705596,2,2,100.0,0.9,True,True,corrected_energy_ESS_only,True
random_p080,120,0.869963992799,60,60,1.0,60,1.0,60,1.0,1141.384897877331,1576.538592751468,1977.918158376271,2693.9576059284504,3153.8240657586707,3446.43976335145,4.380643207474232,2.527941078101759,1.856005450492897,1.4507726015030986,2,2,100.0,0.9,True,True,corrected_energy_ESS_only,True
random_p080,120,0.879963992799,60,60,1.0,60,1.0,60,1.0,847.3371555150406,1286.2856265618789,1926.5337177923532,2244.6619933624097,2847.343648468234,3217.5869783978223,5.9008388425512015,2.5953575652465553,2.227506865080479,1.553960550995278,2,2,100.0,0.9,True,True,corrected_energy_ESS_only,True
random_p080,120,0.889963992799,60,60,1.0,60,1.0,60,1.0,658.680095992447,1052.2876401955314,1659.8583058082077,1998.846920502308,2372.145399416069,2979.14664511437,7.590938348404768,3.0123099688280828,2.501442180846698,1.6783419846136183,2,2,100.0,0.9,True,True,corrected_energy_ESS_only,True
random_p080,120,0.899963992799,60,60,1.0,60,1.0,60,1.0,630.1490679549531,963.1215581790849,1424.664886234501,1826.4468074556664,2023.5240174463606,2572.9861444303324,7.934630477557781,3.5098342359278583,2.737555771999325,1.9432694927657819,2,2,100.0,0.9,True,True,corrected_energy_ESS_only,True
random_p080,120,0.909963992799,60,60,1.0,60,1.0,60,1.0,439.18442697258746,760.146520614126,1184.8507709902613,1710.1255749078189,1891.526671783235,2246.0049314058087,11.384738831625477,4.220034598628954,2.923761899923353,2.226177253516748,2,2,100.0,0.9,True,True,corrected_energy_ESS_only,True
random_p080,120,0.919963992799,60,60,1.0,60,1.0,60,1.0,325.42947273859215,436.0059307495586,841.9065598165828,1590.556428764614,1697.325188754023,2000.211651630946,15.364312143959843,5.938996347620364,3.1435539849934795,2.499735524368419,2,2,100.0,0.9,True,True,corrected_energy_ESS_only,True
random_p080,120,0.929963992799,60,60,1.0,60,1.0,60,1.0,229.07939189273537,360.2741940373887,575.6971709600302,1511.5249220154362,1605.1772144571082,1824.2092735365998,21.82649411930171,8.685680580701028,3.307917671203928,2.7409136003040415,2,2,100.0,0.9,True,True,corrected_energy_ESS_only,True
random_p080,120,0.939963992799,60,60,1.0,60,1.0,60,1.0,102.09300293822106,235.55919002006905,431.411744096088,1446.9164931133014,1594.2974799551364,1797.535146098799,48.9749527989261,11.58994057510714,3.455624442597651,2.781586781073953,2,2,100.0,0.9,True,True,corrected_energy_ESS_only,True
random_p080,120,0.949963992799,60,59,0.9833333333333333,60,1.0,59,0.9833333333333333,90.75454555152854,158.51148337275217,264.0148507394389,1331.0469422158515,1642.8989897813676,1810.057578465011,55.09365916180038,18.938586169107968,3.756441520895036,2.762353004331593,2,2,100.0,0.9,True,True,corrected_energy_ESS_only,True
random_p080,120,0.959963992799,60,54,0.9,60,1.0,54,0.9,62.527761917146,112.41405385508509,183.6422108979301,1529.0377159063726,1638.9964951097982,1768.2130817128436,79.96448052347336,27.228260462759966,3.270030521801834,2.8280602446354326,2,2,100.0,0.9,True,True,corrected_energy_ESS_only,True
random_p080,120,0.969963992799,60,46,0.7666666666666667,60,1.0,46,0.7666666666666667,47.02505927516045,81.07791614208485,139.30714062173286,1295.1796639642796,1461.9492322958238,1672.0229277829176,106.32628809127516,35.8920079018459,3.8604682725607535,2.9903899076496785,2,2,100.0,0.9,False,False,corrected_energy_ESS_only,False
random_p080,120,0.979963992799,60,33,0.55,60,1.0,33,0.55,24.899648338595977,60.295296816274025,105.49130376630418,993.1404833846788,1300.0977131542484,1588.4009002599496,200.80604882478175,47.40329670666087,5.034534472867039,3.147827961597625,2,2,100.0,0.9,False,False,corrected_energy_ESS_only,False
random_p080,120,0.989963992799,60,15,0.25,60,1.0,15,0.25,18.3986932686322,42.63020951340088,68.5569603008916,913.8897530397644,1097.8229297856526,1335.545074511031,271.7584301774553,72.95986167168421,5.471119446704688,3.7437913852847884,2,2,100.0,0.9,False,False,corrected_energy_ESS_only,False
random_p080,120,0.999963992799,60,5,0.08333333333333333,60,1.0,5,0.08333333333333333,10.709825414974203,36.97900445777594,65.5643915110594,809.1097843630216,969.0313413447167,1187.8444749814228,466.8610183886965,76.26530337210592,6.179631116358693,4.209407469542915,2,2,100.0,0.9,False,False,corrected_energy_ESS_only,False
random_p080,120,1.009963992799,60,2,0.03333333333333333,60,1.0,2,0.03333333333333333,8.84835630863036,23.35421797526419,50.196203335627615,652.5613136848827,784.2659498832891,982.5116359028525,565.0767018867883,99.60952042930012,7.6621152605048,5.089145390182971,2,2,100.0,0.9,False,False,corrected_energy_ESS_only,False
random_p080,120,1.019963992799,60,0,0.0,60,1.0,0,0.0,9.40297513196721,18.721415423777984,42.083054736285334,502.1860575689655,679.0390111628456,848.6486025782449,531.7465940116703,118.81284896649527,9.956469170419666,5.891884444444548,2,2,100.0,0.9,False,False,corrected_energy_ESS_only,False
random_p085,40,1.0199919984,60,60,1.0,60,1.0,60,1.0,1887.227805573826,2297.0024751327014,2894.2746938756372,2443.686828934581,3001.3207934379698,3579.3932415283493,2.649388688123802,1.727551045997446,2.0460886971265224,1.3968979834285031,2,2,100.0,0.9,True,True,corrected_energy_ESS_only,True
random_p085,40,1.0299919984,60,60,1.0,60,1.0,60,1.0,1308.9820893720628,2214.7933467601742,2642.365547348709,2310.2545457911424,3015.998654710898,3394.159194278993,3.819761966642776,1.892259849548076,2.1642636778311197,1.4731196442793673,2,2,100.0,0.9,True,True,corrected_energy_ESS_only,True
random_p085,40,1.0399919984,60,60,1.0,60,1.0,60,1.0,1320.6336007576194,1912.1833464508588,2549.7089021497895,2120.1554827490745,2646.4314597852085,3315.4164806065714,3.786061476197188,1.9610634357891636,2.358317604856418,1.5081139714410703,2,2,100.0,0.9,True,True,corrected_energy_ESS_only,True
random_p085,40,1.0499919984,60,60,1.0,60,1.0,60,1.0,1065.0515624932814,1616.10684247405,2291.0073697686635,2121.2861831596515,2422.5584490162073,3058.048067100508,4.6946083890013925,2.182473534508315,2.357060560566378,1.635060615481998,2,2,100.0,0.9,True,True,corrected_energy_ESS_only,True
random_p085,40,1.0599919984,60,60,1.0,60,1.0,60,1.0,968.9910775057706,1476.151685368935,2016.8747585918652,2092.7104832351088,2314.620066846101,2869.052844333539,5.160006233360001,2.4790850502682034,2.389245927736038,1.7427357561833867,2,2,100.0,0.9,True,True,corrected_energy_ESS_only,True
random_p085,40,1.0699919984,60,60,1.0,60,1.0,60,1.0,872.435520756975,1185.789878318403,1890.211314442909,1956.0866697804497,2129.219139559544,2672.009638810896,5.73108256259639,2.6452079219174554,2.5561239577187025,1.8712512881985819,2,2,100.0,0.9,True,True,corrected_energy_ESS_only,True
random_p085,40,1.0799919984,60,60,1.0,60,1.0,60,1.0,635.5871859481091,1067.8797027914297,1656.3968634295456,1830.8839974698128,2012.0081568311577,2556.066110051682,7.866741354361118,3.01860991209633,2.7309212418207496,1.9561309493522256,2,2,100.0,0.9,True,True,corrected_energy_ESS_only,True
random_p085,40,1.0899919984,60,60,1.0,60,1.0,60,1.0,530.7295872504451,952.3080004662565,1436.4194120903471,1740.180958305046,2104.1652318162223,2308.1347615109726,9.420993515555708,3.481240424315457,2.8732644016919084,2.1662547572436575,2,2,100.0,0.9,True,True,corrected_energy_ESS_only,True
random_p085,40,1.0999919984,60,60,1.0,60,1.0,60,1.0,439.65165962927335,764.7633254162781,1200.711963221138,1632.516489222201,1958.8463220477963,2181.322089953803,11.372639885440536,4.164218248653717,3.062756200632441,2.2921977000487814,2,2,100.0,0.9,True,True,corrected_energy_ESS_only,True
random_p085,40,1.1099919984,60,60,1.0,60,1.0,60,1.0,411.7803280263536,626.993918950214,1053.6778908398928,1796.5525473475307,1925.3487198209975,2124.2029632464983,12.142396466496583,4.745533241498154,2.783108129724404,2.353843642169987,2,2,100.0,0.9,True,True,corrected_energy_ESS_only,True
random_p085,40,1.1199919984,60,60,1.0,60,1.0,60,1.0,402.99266343683627,553.0972394823222,909.3515560075855,1718.0045462160706,1859.783709930256,2113.831637442374,12.407173761821308,5.499111413095303,2.9103531832977807,2.365384446985474,2,2,100.0,0.9,True,True,corrected_energy_ESS_only,True
random_p085,40,1.1299919984,60,60,1.0,60,1.0,60,1.0,318.2644245279882,443.484892933396,771.691940285267,1745.1993407220252,1864.1422361321613,2094.160020609701,15.710207031198674,6.479458434114335,2.865002228302124,2.3875964382626225,2,2,100.0,0.9,True,True,corrected_energy_ESS_only,True
random_p085,40,1.1399919984,60,60,1.0,60,1.0,60,1.0,296.70244796267366,375.0089178756084,689.0729419929771,1676.0565353518168,1815.8787888525092,2024.0810701060768,16.85190005789578,7.261010347248812,2.983192926096889,2.470303065923041,2,2,100.0,0.9,True,True,corrected_energy_ESS_only,True
random_p085,40,1.1499919984,60,60,1.0,60,1.0,60,1.0,233.06104363638272,329.870181930418,558.0295368035817,1716.042610486019,1872.5730397211523,2049.381781944292,21.45360684045036,8.96537208332998,2.913680563318819,2.439760359400089,2,2,100.0,0.9,True,True,corrected_energy_ESS_only,True
random_p085,40,1.1599919984,60,60,1.0,60,1.0,60,1.0,229.73396046313496,297.20006905672324,467.9318760776472,1594.2227584702864,1867.009952243111,2010.9350386409055,21.76430506800209,10.68539457501301,3.136324565330932,2.486410518775018,2,2,100.0,0.9,True,True,corrected_energy_ESS_only,True
random_p085,40,1.1699919984,60,60,1.0,60,1.0,60,1.0,173.64992844641012,240.44357242375554,397.3339131409232,1619.2451313756044,1800.1650810559406,2003.4410103130035,28.793562109316063,12.58407333998949,3.0878585972664485,2.495753821609727,2,2,100.0,0.9,True,True,corrected_energy_ESS_only,True
random_p085,40,1.1799919984,60,60,1.0,60,1.0,60,1.0,177.81990240407504,243.23011023056605,348.567003676532,1666.2855385803505,1834.0825163194756,2006.728901481308,28.118337331206504,14.344484621747947,3.0006861874705595,2.491635312642658,2,2,100.0,0.9,True,True,corrected_energy_ESS_only,True
random_p085,60,1.0199919984,60,60,1.0,60,1.0,60,1.0,2002.0162888888065,2386.5644498556685,2853.7391360305082,2736.5408606861574,3103.660546892459,3569.1784336476258,2.4974821772180418,1.7520974828345524,1.8271241887271892,1.40089392362696,2,2,100.0,0.9,True,True,corrected_energy_ESS_only,True
random_p085,60,1.0299919984,60,60,1.0,60,1.0,60,1.0,1834.3408609207704,2196.232246659231,2750.599376528441,2389.905747608555,2881.9994445833477,3434.6609724343466,2.7257747491326056,1.8177872836339217,2.0921327148584083,1.4557477852579708,2,2,100.0,0.9,True,True,corrected_energy_ESS_only,True
random_p085,60,1.0399919984,60,60,1.0,60,1.0,60,1.0,1452.1142539689408,1975.853616375546,2470.508225147749,2166.0309139935102,2648.339455249778,3218.482594238423,3.443255230319463,2.02435354285938,2.308369639462579,1.5535271320390915,2,2,100.0,0.9,True,True,corrected_energy_ESS_only,True
random_p085,60,1.0499919984,60,60,1.0,60,1.0,60,1.0,1278.3591260616515,1676.3943503003234,2202.0245996296144,2009.539705689436,2405.37124868347,2970.884589939251,3.9112639774426463,2.2710998886686413,2.488131976613317,1.683002729485425,2,2,100.0,0.9,True,True,corrected_energy_ESS_only,True
random_p085,60,1.0599919984,60,60,1.0,60,1.0,60,1.0,948.3610888434979,1327.1503174119107,1974.539566988411,1899.7886160176552,2227.5680220540894,2763.9234414600833,5.272253426273923,2.532236871853125,2.6318717555435303,1.8090253568914165,2,2,100.0,0.9,True,True,corrected_energy_ESS_only,True
random_p085,60,1.0699919984,60,60,1.0,60,1.0,60,1.0,579.8572528514774,1227.5702863153422,1734.9222770405104,1662.485676590681,2086.5061570170265,2428.1311857642368,8.622811865182761,2.882463745097189,3.007544708748216,2.0591972213023775,2,2,100.0,0.9,True,True,corrected_energy_ESS_only,True
random_p085,60,1.0799919984,60,60,1.0,60,1.0,60,1.0,506.6208899738153,921.4285857016554,1492.8208681059214,1660.5312559741146,1831.833823787706,2278.805684769733,9.869312732561076,3.349660223351873,3.011084544185143,2.1941805920749453,2,2,100.0,0.9,True,True,corrected_energy_ESS_only,True
random_p085,60,1.0899919984,60,60,1.0,60,1.0,60,1.0,504.4498395882312,701.2817201078584,1199.8462750484864,1473.962395262062,1706.2962531830221,2127.864719335359,9.911788264381975,4.167420511103528,3.3922168001518305,2.3497734402854267,2,2,100.0,0.9,True,True,corrected_energy_ESS_only,True
random_p085,60,1.0999919984,60,60,1.0,60,1.0,60,1.0,349.77627500177215,578.4926915994,972.2658984728323,1586.3743694788836,1758.9064200211526,1962.8326018459602,14.29485175909849,5.142749353892601,3.1518411392655543,2.5473578728490525,2,2,100.0,0.9,True,True,corrected_energy_ESS_only,True
random_p085,60,1.1099919984,60,60,1.0,60,1.0,60,1.0,252.19174787886269,452.4255719932382,732.8109439621571,1566.9049488892392,1726.9855994996262,1895.272938998266,19.826184012974487,6.8239946673662395,3.1910040258309493,2.63814288558675,2,2,100.0,0.9,True,True,corrected_energy_ESS_only,True
random_p085,60,1.1199919984,60,60,1.0,60,1.0,60,1.0,253.50295084295783,367.41958939744416,591.6645953714682,1588.0283421033018,1673.6516363347196,1866.523028567145,19.723636286574997,8.457692216395783,3.148558415133593,2.6787779918793553,2,2,100.0,0.9,True,True,corrected_energy_ESS_only,True
random_p085,60,1.1299919984,60,60,1.0,60,1.0,60,1.0,197.40874481377952,294.2620741591922,462.1867267253766,1507.1967640795854,1697.0897502112455,1880.0921688229942,25.32815861180123,10.81915843759472,3.317416888864805,2.659445922378646,2,2,100.0,0.9,True,True,corrected_energy_ESS_only,True
random_p085,60,1.1399919984,60,60,1.0,60,1.0,60,1.0,143.832803387771,229.7922801231818,334.2119319861095,1531.0823001863203,1671.2800178584012,1885.5488965145933,34.76258462765325,14.961097249417985,3.265663772216256,2.6517484473789583,2,2,100.0,0.9,True,True,corrected_energy_ESS_only,True
random_p085,60,1.1499919984,60,60,1.0,60,1.0,60,1.0,131.95737827224147,175.58035645100287,286.45375404000447,1523.433975033342,1659.7652574221868,1855.7373983495613,37.89102258218932,17.45512916707297,3.282058876158758,2.6943473987096573,2,2,100.0,0.9,True,True,corrected_energy_ESS_only,True
random_p085,60,1.1599919984,60,60,1.0,60,1.0,60,1.0,112.04282682229908,147.23402512061975,249.8590883765645,1332.6164567287221,1613.9770053119153,1815.683539502634,44.6257930276076,20.013806403046473,3.752017300066886,2.753783849691147,2,2,100.0,0.9,True,True,corrected_energy_ESS_only,True
random_p085,60,1.1699919984,60,59,0.9833333333333333,60,1.0,59,0.9833333333333333,78.49020438245898,134.25777371843247,207.62211485199123,1332.6045649117932,1495.968801221068,1824.386817550875,63.70221659299695,24.083743435922756,3.752050782094504,2.7406470399269454,2,2,100.0,0.9,True,True,corrected_energy_ESS_only,True
random_p085,60,1.1799919984,60,55,0.9166666666666666,60,1.0,55,0.9166666666666666,64.1219906344768,104.8364765788924,163.73247114818037,1099.976224129221,1368.204623380431,1697.3463833676872,77.97636895744819,30.537711142087623,4.545552794978066,2.945824265696898,2,2,100.0,0.9,True,True,corrected_energy_ESS_only,True
random_p085,80,1.0199919984,60,60,1.0,60,1.0,60,1.0,2232.8193740384245,2608.3378543697904,2844.554995846177,3120.7034846919337,3218.319346359703,3596.31685485444,2.2393213074628022,1.7577676839310679,1.6022028444953604,1.3903252191976758,2,2,100.0,0.9,True,True,corrected_energy_ESS_only,True
random_p085,80,1.0299919984,60,60,1.0,60,1.0,60,1.0,2223.0226924673625,2354.16825783879,2689.782245992013,2898.9600816609536,3093.837065308923,3390.668437713901,2.249189815714581,1.8588885926630925,1.7247564158024762,1.4746482123637406,2,2,100.0,0.9,True,True,corrected_energy_ESS_only,True
random_p085,80,1.0399919984,60,60,1.0,60,1.0,60,1.0,1794.2185812614769,2180.7527545037606,2497.3155782408085,2592.6609331754244,2964.523175289721,3297.2742113475247,2.7867284689943443,2.002256304112716,1.9285205928860616,1.516409375391829,2,2,100.0,0.9,True,True,corrected_energy_ESS_only,True
random_p085,80,1.0499919984,60,60,1.0,60,1.0,60,1.0,1496.529153836378,1854.092125495999,2243.0263098571977,2405.9229510830696,2578.759256091813,2977.565489029836,3.341064213271365,2.2291726168017423,2.0782045400702294,1.6792245441703009,2,2,100.0,0.9,True,True,corrected_energy_ESS_only,True
random_p085,80,1.0599919984,60,60,1.0,60,1.0,60,1.0,1340.7084471900935,1596.7414364354956,2015.3618543851412,1931.6930555710871,2263.4176583492235,2776.592189225547,3.729371594905056,2.480945543688236,2.5884029481701463,1.8007692313515586,2,2,100.0,0.9,True,True,corrected_energy_ESS_only,True
random_p085,80,1.0699919984,60,60,1.0,60,1.0,60,1.0,1024.0360468320384,1201.6127209581648,1665.342566362684,1736.9034380969338,1986.6175586656782,2419.2953484722834,4.882640621360955,3.0024135656650404,2.8786862241912137,2.0667256813861634,2,2,100.0,0.9,True,True,corrected_energy_ESS_only,True
random_p085,80,1.0799919984,60,60,1.0,60,1.0,60,1.0,816.2008167297045,979.1583256270417,1352.4355422195513,1669.3968221456678,1816.6817673638252,2117.0475865919066,6.125943392256878,3.697333172261302,2.9950937570214875,2.3617806927304796,2,2,100.0,0.9,True,True,corrected_energy_ESS_only,True
random_p085,80,1.0899919984,60,60,1.0,60,1.0,60,1.0,558.6505965120729,712.4732357260592,1017.7238427597533,1493.8527077606886,1668.298511390291,1908.8691665443102,8.950138120709848,4.9129303222571075,3.347050197134286,2.6193573013853797,2,2,100.0,0.9,True,True,corrected_energy_ESS_only,True
random_p085,80,1.0999919984,60,60,1.0,60,1.0,60,1.0,385.1863632210873,520.1605658773976,766.6543664224844,1451.730506717969,1635.412553809509,1768.060258244926,12.980729530993614,6.5219522899254505,3.444165412838129,2.827966370676747,2,2,100.0,0.9,True,True,corrected_energy_ESS_only,True
random_p085,80,1.1099919984,60,60,1.0,60,1.0,60,1.0,245.18688446999184,368.2782907664483,567.4442338898297,1321.424065419591,1551.3864985046605,1707.5814710082313,20.392607911341784,8.811464689642136,3.783796686351669,2.928158976430539,2,2,100.0,0.9,True,True,corrected_energy_ESS_only,True
random_p085,80,1.1199919984,60,60,1.0,60,1.0,60,1.0,142.52434168265165,270.42095355062685,407.2701387742892,1395.0878586368688,1510.2660616142596,1714.2541520480142,35.0817266788934,12.277683679392798,3.584003666181617,2.91673019385534,2,2,100.0,0.9,True,True,corrected_energy_ESS_only,True
random_p085,80,1.1299919984,60,60,1.0,60,1.0,60,1.0,143.78943710658675,189.15015740410198,295.0212777110439,1467.4378009999434,1599.056195195765,1753.122816022552,34.77306887496647,16.947986050688932,3.407299441647812,2.8520629578095766,2,2,100.0,0.9,True,True,corrected_energy_ESS_only,True
random_p085,80,1.1399919984,60,60,1.0,60,1.0,60,1.0,136.38113309495228,161.9479580121357,228.336601398396,1367.962516542031,1602.2582022093768,1727.0014071828543,36.66196259360056,21.897497899375793,3.6550709098661,2.895229532278284,2,2,100.0,0.9,True,True,corrected_energy_ESS_only,True
random_p085,80,1.1499919984,60,58,0.9666666666666667,60,1.0,58,0.9666666666666667,86.35044374194324,124.47276765840829,184.81226297133958,1259.2942125806505,1492.9301994522712,1678.7255562160658,57.90358200060224,27.054636253306573,3.9704780265396313,2.9784536092481226,2,2,100.0,0.9,True,True,corrected_energy_ESS_only,True
random_p085,80,1.1599919984,60,54,0.9,60,1.0,54,0.9,80.473056793011,100.14018283981598,141.23402971709896,1210.130290934989,1355.9026811396868,1598.964261365666,62.132596912041805,35.40303641591595,4.13178650055675,3.127025545543759,2,2,100.0,0.9,True,True,corrected_energy_ESS_only,True
random_p085,80,1.1699919984,60,35,0.5833333333333334,60,1.0,35,0.5833333333333334,61.35790787210606,80.80912340769268,106.21768629099216,1074.5642842518846,1312.3026878726498,1496.906305145761,81.48908874829893,47.07382945859558,4.653048750341649,3.3402224636830793,2,2,100.0,0.9,False,False,corrected_energy_ESS_only,False
random_p085,80,1.1799919984,60,28,0.4666666666666667,60,1.0,28,0.4666666666666667,46.82475729355571,65.36264699165552,98.79810883389473,909.8051023951037,1105.4184785350553,1334.9679420594734,106.7811194119767,50.60826235346461,5.495682522374595,3.745408634231486,2,2,100.0,0.9,False,False,corrected_energy_ESS_only,False
random_p085,100,1.0199919984,60,60,1.0,60,1.0,60,1.0,2304.898420737903,2528.0360373731014,2811.2586803366407,3102.408658627008,3322.3323735673043,3548.581406064062,2.1692929957404683,1.7785812116691992,1.6116509944930286,1.4090139828732458,2,2,100.0,0.9,True,True,corrected_energy_ESS_only,True
random_p085,100,1.0299919984,60,60,1.0,60,1.0,60,1.0,1902.4728070409872,2280.940413674299,2651.6299115025304,2883.2677970559976,3151.8664053267494,3409.9035655644284,2.628158458557289,1.885687515189411,1.7341434621873564,1.4663195350001996,2,2,100.0,0.9,True,True,corrected_energy_ESS_only,True
random_p085,100,1.0399919984,60,60,1.0,60,1.0,60,1.0,1857.700271341708,2124.6221573544926,2385.422388558733,2722.0013589095256,2842.3662704373614,3182.1809275826954,2.691499849105794,2.0961147937482236,1.836883726613228,1.5712581018607499,2,2,100.0,0.9,True,True,corrected_energy_ESS_only,True
random_p085,100,1.0499919984,60,60,1.0,60,1.0,60,1.0,1591.0969802706059,1819.2097683961363,2136.5238452614085,2275.9463079887546,2662.7518778300096,2921.5410608040747,3.1424860093378,2.340264710498646,2.196888381087725,1.7114265144511984,2,2,100.0,0.9,True,True,corrected_energy_ESS_only,True
random_p085,100,1.0599919984,60,60,1.0,60,1.0,60,1.0,1259.3285007262573,1574.0040523243947,1821.5056838289147,1954.9989522679032,2254.17805323751,2569.081368580558,3.9703699210464074,2.7449818776054418,2.5575461276844846,1.9462221226376248,2,2,100.0,0.9,True,True,corrected_energy_ESS_only,True
random_p085,100,1.0699919984,60,60,1.0,60,1.0,60,1.0,933.6217039710363,1135.8962037198191,1472.1483270061408,1614.60911151507,1843.2941176873483,2221.6436295945637,5.355488179776843,3.396398128398798,3.096724751731548,2.2505939765778784,2,2,100.0,0.9,True,True,corrected_energy_ESS_only,True
random_p085,100,1.0799919984,60,60,1.0,60,1.0,60,1.0,576.8635338749228,838.8976644448759,1120.407937476096,1485.6563693389287,1583.1003658321886,1917.4804791639758,8.667561227893657,4.4628350869405224,3.3655158105133327,2.6075889764751965,2,2,100.0,0.9,True,True,corrected_energy_ESS_only,True
random_p085,100,1.0899919984,60,60,1.0,60,1.0,60,1.0,408.3429445103242,533.2404589585545,812.97156392473,1401.7605771346016,1528.5030951013287,1732.1067259404383,12.24460975074735,6.150352607037662,3.566942944151499,2.886699962089585,2,2,100.0,0.9,True,True,corrected_energy_ESS_only,True
random_p085,100,1.0999919984,60,60,1.0,60,1.0,60,1.0,241.35684279807768,348.8066365441728,547.6110607088889,1296.0890109016273,1463.8243976661602,1620.7505411995805,20.71621397609624,9.13088828029955,3.857759735592341,3.0849905706103846,2,2,100.0,0.9,True,True,corrected_energy_ESS_only,True
random_p085,100,1.1099919984,60,60,1.0,60,1.0,60,1.0,193.30964796005284,261.0628293328696,376.19892147324106,1388.9248323184852,1519.5426608379923,1662.1672464718217,25.86523773005496,13.293229282236407,3.5999068370414755,3.0081246943876607,2,2,100.0,0.9,True,True,corrected_energy_ESS_only,True
random_p085,100,1.1199919984,60,60,1.0,60,1.0,60,1.0,106.95162283919304,162.45904200126446,262.7826231762816,1471.5791686493549,1504.91400570265,1681.0123933079892,46.75010876195626,19.029224839369967,3.3977105048239444,2.9744182407183875,2,2,100.0,0.9,True,True,corrected_energy_ESS_only,True
random_p085,100,1.1299919984,60,57,0.95,60,1.0,57,0.95,83.6271053459051,112.117792045401,181.53850342707892,1289.7556023517407,1456.3068569627699,1624.7777991839396,59.78922718081179,27.585381972884864,3.8767034551995736,3.0773451278437713,2,2,100.0,0.9,True,True,corrected_energy_ESS_only,True
random_p085,100,1.1399919984,60,48,0.8,60,1.0,48,0.8,71.4597261862409,91.34298978661052,133.51400378416622,1292.9321022153993,1348.9159616451036,1522.9747732176988,69.96948164856973,37.451916506683276,3.867179097365325,3.2830815910528246,2,2,100.0,0.9,False,False,corrected_energy_ESS_only,False
random_p085,100,1.1499919984,60,30,0.5,60,1.0,30,0.5,34.55280025751605,72.23773140715801,100.10923623707473,1109.6518494367076,1200.9940537965242,1402.6398296340624,144.70607194600333,49.94614881024428,4.505917781814313,3.564736092219399,2,2,100.0,0.9,False,False,corrected_energy_ESS_only,False
random_p085,100,1.1599919984,60,24,0.4,60,1.0,24,0.4,34.92599165314056,67.02715242407523,91.60668370939243,912.6804345868056,1050.4556056522963,1264.6590402735565,143.1598578404401,54.58163332982991,5.478368781142581,3.953689669595808,2,2,100.0,0.9,False,False,corrected_energy_ESS_only,False
random_p085,100,1.1699919984,60,9,0.15,60,1.0,9,0.15,32.87994779797801,45.717693217287966,69.07376077189414,758.5179421818044,836.991142299138,1123.1074318524734,152.06836795244183,72.38642072474985,6.591801883575723,4.451983872188585,2,2,100.0,0.9,False,False,corrected_energy_ESS_only,False
random_p085,100,1.1799919984,60,2,0.03333333333333333,60,1.0,2,0.03333333333333333,28.697329200682624,39.87786830465261,59.43685438195409,698.4132959543523,783.4785089237464,923.3793424632229,174.23224178928348,84.12290760369416,7.159084783985549,5.414893166551981,2,2,100.0,0.9,False,False,corrected_energy_ESS_only,False
random_p085,120,1.0199919984,60,60,1.0,60,1.0,60,1.0,2233.0202321622737,2499.9285965048116,2839.037674835179,2911.243702150761,3243.498116551593,3554.700844588914,2.239119882563003,1.7611635630157263,1.7174790266806292,1.406589775431692,2,2,100.0,0.9,True,True,corrected_energy_ESS_only,True
random_p085,120,1.0299919984,60,60,1.0,60,1.0,60,1.0,2232.9683097212333,2391.482897133777,2574.4691046210373,2871.3612195333553,3061.383949729525,3449.8943192164074,2.2391719480444428,1.9421630183552896,1.7413343768752942,1.4493201691721607,2,2,100.0,0.9,True,True,corrected_energy_ESS_only,True
random_p085,120,1.0399919984,60,60,1.0,60,1.0,60,1.0,1628.9670647849644,2135.8257386283367,2441.5770386368904,2549.735594319732,2930.7682448102723,3210.7874874484683,3.0694297681580425,2.0478567760511517,1.960987645597032,1.5572506404863469,2,2,100.0,0.9,True,True,corrected_energy_ESS_only,True
random_p085,120,1.0499919984,60,60,1.0,60,1.0,60,1.0,1255.4810601542613,1818.9492971403931,2257.33151961526,2306.3562023158406,2686.4750754164024,3054.4394048871472,3.98253717932284,2.21500665177528,2.167921847882577,1.6371045992651978,2,2,100.0,0.9,True,True,corrected_energy_ESS_only,True
random_p085,120,1.0599919984,60,60,1.0,60,1.0,60,1.0,974.071260965723,1497.1657938030557,1865.8256898908528,1914.884557640806,2313.9813831014158,2651.0611186358947,5.133094672193544,2.679779521854363,2.611123464361813,1.8860456477322336,2,2,100.0,0.9,True,True,corrected_energy_ESS_only,True
random_p085,120,1.0699919984,60,60,1.0,60,1.0,60,1.0,644.6066522906721,1205.0293763520974,1528.3473716106635,1507.5830867439913,1892.4620286850736,2409.9187684605085,7.756668322041072,3.2716519342610333,3.316566790888302,2.074774473419988,2,2,100.0,0.9,True,True,corrected_energy_ESS_only,True
random_p085,120,1.0799919984,60,60,1.0,60,1.0,60,1.0,534.554849815655,838.47206471432,1133.5734241566302,1305.5657498521332,1638.2116876176965,1937.6804104957234,9.353577096390175,4.4120842385978705,3.8297573297754575,2.5804255937107747,2,2,100.0,0.9,True,True,corrected_energy_ESS_only,True
random_p085,120,1.0899919984,60,60,1.0,60,1.0,60,1.0,320.2077815915326,494.47514011088043,763.8625670566928,1280.5623440750921,1450.4019148391624,1622.002552460283,15.61486099790717,6.545682967844409,3.9045346156975542,3.0826133121718033,2,2,100.0,0.9,True,True,corrected_energy_ESS_only,True
random_p085,120,1.0999919984,60,60,1.0,60,1.0,60,1.0,229.42765994920904,312.4114320257871,470.50234635912585,1208.4068329944935,1410.7248902660394,1596.3309701669784,21.793361799126163,10.629052786074212,4.137679350595649,3.132185418586467,2,2,100.0,0.9,True,True,corrected_energy_ESS_only,True
random_p085,120,1.1099919984,60,59,0.9833333333333333,60,1.0,59,0.9833333333333333,88.94367987601957,207.39135801232598,313.30401026448806,1437.6285855104534,1467.4639056633578,1633.6370116966295,56.21534893732307,15.958940885962843,3.4779497642116435,3.060671176282348,2,2,100.0,0.9,True,True,corrected_energy_ESS_only,True
random_p085,120,1.1199919984,60,58,0.9666666666666667,60,1.0,58,0.9666666666666667,68.49771225213384,120.69012779614287,205.87034644826,1375.219974295124,1431.7515150601816,1640.2052662632184,72.9951386054392,24.29352367083786,3.635781979215925,3.0483996044920634,2,2,100.0,0.9,True,True,corrected_energy_ESS_only,True
random_p085,120,1.1299919984,60,50,0.8333333333333334,60,1.0,50,0.8333333333333334,52.51439074204986,84.9330817563173,138.44402993534928,1266.7774530156328,1426.6976847803307,1605.2408858496715,95.21199673742666,36.11711961613318,3.947023202928997,3.1148070448473093,2,2,100.0,0.9,False,False,corrected_energy_ESS_only,False
random_p085,120,1.1399919984,60,36,0.6,60,1.0,36,0.6,51.35925292816406,71.13088937704772,108.12143875442617,973.3349395715612,1195.7862899712775,1433.3754369318751,97.35344100494366,46.24430293550592,5.136977824099154,3.4882822363048858,2,2,100.0,0.9,False,False,corrected_energy_ESS_only,False
random_p085,120,1.1499919984,60,14,0.23333333333333334,60,1.0,14,0.23333333333333334,29.69471634028026,44.43455943931825,82.38257777384962,902.507778378912,1014.6685738608462,1248.0618903235682,168.38012334260304,60.700768786913635,5.540118456353938,4.006321655410259,2,2,100.0,0.9,False,False,corrected_energy_ESS_only,False
random_p085,120,1.1599919984,60,5,0.08333333333333333,60,1.0,5,0.08333333333333333,25.774017223110924,40.777462179608,62.340215397755635,752.8305050334831,893.9262558287206,1060.1756255256882,193.9938177552168,80.20529259458624,6.641601219091964,4.716260857650601,2,2,100.0,0.9,False,False,corrected_energy_ESS_only,False
random_p085,120,1.1699919984,60,0,0.0,60,1.0,0,0.0,15.364629240276813,26.323245046515837,49.33218870151485,514.6908538088379,716.0002970932213,879.0833077695077,325.42275650186264,101.35676896502692,9.714569363334864,5.6877711158731925,2,2,100.0,0.9,False,False,corrected_energy_ESS_only,False
random_p085,120,1.1799919984,60,0,0.0,60,1.0,0,0.0,11.34427065791795,19.51602855855039,38.08031557102326,497.811119060592,608.1372017373628,748.7511578305163,440.7511201709697,131.36241643060032,10.043970109457147,6.677812208596309,2,2,100.0,0.9,False,False,corrected_energy_ESS_only,False
random_p090,40,1.179967993599,60,60,1.0,60,1.0,60,1.0,1556.2781843215691,2161.528619961551,2675.28598288389,2239.0885546276277,2736.7630644175506,3205.717443493012,3.2127932206282632,1.868959329389574,2.2330514751934527,1.559713285628594,2,2,100.0,0.9,True,True,corrected_energy_ESS_only,True
random_p090,40,1.189967993599,60,60,1.0,60,1.0,60,1.0,1627.686783485538,1919.4230578629454,2457.243953877478,2231.770744092686,2580.5998368626915,3085.833950994267,3.0718440738905373,2.0348624901075274,2.240373485150565,1.620310451905726,2,2,100.0,0.9,True,True,corrected_energy_ESS_only,True
random_p090,40,1.199967993599,60,60,1.0,60,1.0,60,1.0,1262.0365669877624,1741.9220352917162,2244.041822373914,1983.9334518676349,2211.981237912877,2809.860243553506,3.961850338405039,2.228206202899221,2.5202458254298303,1.7794933308478713,2,2,100.0,0.9,True,True,corrected_energy_ESS_only,True
random_p090,40,1.209967993599,60,60,1.0,60,1.0,60,1.0,1122.259097045476,1487.0930297904408,1997.625361264568,1714.3691145112589,2085.111216086677,2596.473238664874,4.455299148978421,2.5030719530367365,2.916524777352528,1.9257028957146716,2,2,100.0,0.9,True,True,corrected_energy_ESS_only,True
random_p090,40,1.219967993599,60,60,1.0,60,1.0,60,1.0,891.0153219557443,1174.0263156959793,1820.0191112265334,1664.7852560204626,1898.859924095399,2421.4271716813764,5.611575779668067,2.747315035319035,3.0033903663659927,2.064931138751442,2,2,100.0,0.9,True,True,corrected_energy_ESS_only,True
random_p090,40,1.229967993599,60,60,1.0,60,1.0,60,1.0,823.5335048989486,1093.2414268565224,1537.459387040832,1736.5538497228722,1817.3423567838793,2213.5835785582685,6.071398395155184,3.252448511283498,2.879265737021587,2.2589118197004305,2,2,100.0,0.9,True,True,corrected_energy_ESS_only,True
random_p090,40,1.239967993599,60,60,1.0,60,1.0,60,1.0,583.1793496725287,914.1079113020326,1293.0465805037752,1620.3193557506836,1735.599094196201,2005.3549727463683,8.573691785910523,3.866860226590812,3.0858114372666567,2.493332736863618,2,2,100.0,0.9,True,True,corrected_energy_ESS_only,True
random_p090,40,1.249967993599,60,60,1.0,60,1.0,60,1.0,495.2598029559718,763.373031892999,1098.7467244462682,1594.1967092979262,1681.6472062441017,1883.1427185495936,10.09571132193116,4.550842377739796,3.136375812870651,2.6551386395465424,2,2,100.0,0.9,True,True,corrected_energy_ESS_only,True
random_p090,40,1.259967993599,60,60,1.0,60,1.0,60,1.0,491.01730220711494,629.9516278974944,955.3380568816381,1463.0522229853673,1664.33721103729,1809.46395719479,10.18294055530239,5.233977105491006,3.417513005651615,2.763249675689178,2,2,100.0,0.9,True,True,corrected_energy_ESS_only,True
random_p090,40,1.269967993599,60,60,1.0,60,1.0,60,1.0,338.18528823754605,506.53431438964617,807.5329834507565,1533.1946817467458,1612.4817881413544,1798.0579079650602,14.784794531002577,6.193148465550978,3.261164455842995,2.780780438430112,2,2,100.0,0.9,True,True,corrected_energy_ESS_only,True
random_p090,40,1.279967993599,60,60,1.0,60,1.0,60,1.0,297.00204231481416,415.9545139671941,700.9613252550391,1579.0873930130006,1604.7816706910503,1807.1786667612937,16.834901070141918,7.133665379491949,3.166385864470539,2.766767587578623,2,2,100.0,0.9,True,True,corrected_energy_ESS_only,True
random_p090,40,1.289967993599,60,60,1.0,60,1.0,60,1.0,259.7108014617959,386.8640724998423,558.0347392202195,1474.8414752863755,1568.007033122823,1797.376515891152,19.25218347430002,8.960026033815588,3.3901948675732294,2.7818354397091065,2,2,100.0,0.9,True,True,corrected_energy_ESS_only,True
random_p090,40,1.299967993599,60,60,1.0,60,1.0,60,1.0,133.27859013401502,315.9867958294691,464.47026998632987,1453.1543686200198,1594.195895587853,1830.7841969257547,37.515402848817445,10.76567346191224,3.440790674392166,2.7310711041105042,2,2,100.0,0.9,True,True,corrected_energy_ESS_only,True
random_p090,40,1.309967993599,60,60,1.0,60,1.0,60,1.0,187.584996422053,264.4113623502042,381.60634315378627,1488.9758801942382,1668.082028181441,1817.2375066204631,26.65458376399333,13.102508928792602,3.358012756625544,2.7514376196196944,2,2,100.0,0.9,True,True,corrected_energy_ESS_only,True
random_p090,40,1.319967993599,60,60,1.0,60,1.0,60,1.0,151.077362855182,223.4530643606118,328.37753215970474,1486.4629826018404,1623.3637983214135,1818.0583672639068,33.09562667434725,15.22791497550121,3.3636895493005934,2.750188881524296,2,2,100.0,0.9,True,True,corrected_energy_ESS_only,True
random_p090,40,1.329967993599,60,60,1.0,60,1.0,60,1.0,133.4665338458956,192.46836866169892,291.8680672940927,1499.098726519381,1638.7347988075048,1855.4673989943471,37.46257474381666,17.132985925617128,3.335337367412111,2.6947388298895256,2,2,100.0,0.9,True,True,corrected_energy_ESS_only,True
random_p090,40,1.339967993599,60,59,0.9833333333333333,60,1.0,59,0.9833333333333333,94.71421363707105,157.7503281261436,228.99019731263473,1442.7730726453037,1620.0257360600772,1776.8881730339403,52.79038708127968,21.83500387632112,3.465548459975464,2.813991203375946,2,2,100.0,0.9,True,True,corrected_energy_ESS_only,True
random_p090,60,1.179967993599,60,60,1.0,60,1.0,60,1.0,2086.4178396734724,2296.011849404148,2671.2585228281196,2614.3024266151824,2964.5470782223774,3285.3087938961103,2.3964519018791117,1.8717886368536556,1.9125560796245191,1.5219275563635786,2,2,100.0,0.9,True,True,corrected_energy_ESS_only,True
random_p090,60,1.189967993599,60,60,1.0,60,1.0,60,1.0,1952.1320709768904,2117.030564106498,2468.6740745359293,2653.9275384508665,2809.5594315731696,3104.754753182092,2.5613021138973906,2.0254346776819396,1.8840001950160885,1.6104421680303291,2,2,100.0,0.9,True,True,corrected_energy_ESS_only,True
random_p090,60,1.199967993599,60,60,1.0,60,1.0,60,1.0,1658.0370399373137,1847.5297223353325,2259.795657567536,2198.419634936228,2465.389616387839,2870.56535164124,3.015614174813029,2.212589885102635,2.274361054887976,1.7418180217101527,2,2,100.0,0.9,True,True,corrected_energy_ESS_only,True
random_p090,60,1.209967993599,60,60,1.0,60,1.0,60,1.0,1429.5448561446908,1515.3282323092724,1938.5713630397402,1905.4306749347647,2146.7459086050103,2600.0586913910934,3.497616726406469,2.579229670856601,2.6240786745868787,1.9230338381336802,2,2,100.0,0.9,True,True,corrected_energy_ESS_only,True
random_p090,60,1.219967993599,60,60,1.0,60,1.0,60,1.0,1016.5092012233902,1304.19384297902,1720.1782189836285,1809.76078057314,1926.5002675699498,2379.7266196725523,4.918794629682048,2.9066826320103205,2.7627960853569453,2.10121005538185,2,2,100.0,0.9,True,True,corrected_energy_ESS_only,True
random_p090,60,1.229967993599,60,60,1.0,60,1.0,60,1.0,865.702100610642,1067.5701628017111,1462.3225340264232,1522.0001899287254,1696.8381054082033,2059.80222054307,5.775658851322112,3.41990884750611,3.2851507070009944,2.4274186863265332,2,2,100.0,0.9,True,True,corrected_energy_ESS_only,True
random_p090,60,1.239967993599,60,60,1.0,60,1.0,60,1.0,658.5459104039918,776.2017772087418,1115.4322769854462,1359.535408012556,1605.4924643122201,1812.7026068892544,7.59248508115812,4.48278167399147,3.677726942992442,2.758358241862704,2,2,100.0,0.9,True,True,corrected_energy_ESS_only,True
random_p090,60,1.249967993599,60,60,1.0,60,1.0,60,1.0,468.9809005371578,612.2260989411831,913.7399267513031,1379.4038035025178,1489.6100036933797,1680.07228248282,10.661414983580649,5.472055036369598,3.6247543955614976,2.9760669088841443,2,2,100.0,0.9,True,True,corrected_energy_ESS_only,True
random_p090,60,1.259967993599,60,60,1.0,60,1.0,60,1.0,423.5544831782704,459.79558180709495,685.8900507180323,1350.754329350854,1431.8499745195345,1587.7983615598623,11.804856750614404,7.289932535686727,3.701635368737187,3.149026560252469,2,2,100.0,0.9,True,True,corrected_energy_ESS_only,True
random_p090,60,1.269967993599,60,60,1.0,60,1.0,60,1.0,298.659229063551,384.35219832519476,526.290393243482,1296.466149711331,1413.611865398822,1607.3297887904635,16.74148833664893,9.500895937791155,3.856637522787072,3.1107495070727653,2,2,100.0,0.9,True,True,corrected_energy_ESS_only,True
random_p090,60,1.279967993599,60,60,1.0,60,1.0,60,1.0,220.0028990943161,298.3110194060968,393.37303888944473,1304.6202934161734,1438.2287733374772,1628.838545162831,22.726973238004835,12.710614602312951,3.8325327493621946,3.0696805026565737,2,2,100.0,0.9,True,True,corrected_energy_ESS_only,True
random_p090,60,1.289967993599,60,60,1.0,60,1.0,60,1.0,139.84917571366492,206.4865060410908,310.51492455723195,1419.4509893986763,1510.3064877651636,1680.3850347420766,35.75280279261196,16.10238042972417,3.522488650431077,2.975523807532504,2,2,100.0,0.9,True,True,corrected_energy_ESS_only,True
random_p090,60,1.299967993599,60,60,1.0,60,1.0,60,1.0,151.74590857675273,171.01736255503403,232.99234661865387,1338.5229461023891,1465.1133667114027,1660.9854476948472,32.9498175397,21.459966319948112,3.7354608036861614,3.0102611717635384,2,2,100.0,0.9,True,True,corrected_energy_ESS_only,True
random_p090,60,1.309967993599,60,60,1.0,60,1.0,60,1.0,111.02477682077716,146.47688492964545,194.35190307761226,1332.9948438249016,1478.4639870213464,1653.7766847043802,45.03499257711906,25.729427840974793,3.750952243485786,3.023384365232771,2,2,100.0,0.9,True,True,corrected_energy_ESS_only,True
random_p090,60,1.319967993599,60,57,0.95,60,1.0,57,0.95,66.92856025472005,116.81212993076578,157.21054594071683,1181.238222693025,1402.1701369820692,1626.0010448779626,74.70652261113567,31.80618237813256,4.232846435159234,3.075028792410313,2,2,100.0,0.9,True,True,corrected_energy_ESS_only,True
random_p090,60,1.329967993599,60,52,0.8666666666666667,60,1.0,52,0.8666666666666667,64.9441377971154,93.90142436786898,137.21012827711598,1068.7021871259574,1301.835020094531,1500.6303188977101,76.98924290318445,36.443179680316774,4.67857187926827,3.331934006093065,2,2,100.0,0.9,False,False,corrected_energy_ESS_only,False
random_p090,60,1.339967993599,60,41,0.6833333333333333,60,1.0,41,0.6833333333333333,60.62531375722352,79.62698850552853,115.50215347776864,1184.9127002655266,1253.0768599572864,1370.1633644875171,82.4737999711259,43.29013379483513,4.219720152277507,3.649206497796918,2,2,100.0,0.9,False,False,corrected_energy_ESS_only,False
random_p090,80,1.179967993599,60,60,1.0,60,1.0,60,1.0,2203.4269279017003,2383.3196430702083,2617.817834040374,2853.487560126805,2991.028566781805,3251.409201069335,2.2691925639492143,1.9099886453593147,1.7522417373979395,1.537794751804027,2,2,100.0,0.9,True,True,corrected_energy_ESS_only,True
random_p090,80,1.189967993599,60,60,1.0,60,1.0,60,1.0,1662.156342617474,2151.0834275130887,2365.3025219339493,2581.4824643485613,2759.029633518917,3033.873994046485,3.0081406133711046,2.1139076364681637,1.9368715724597236,1.648063282184458,2,2,100.0,0.9,True,True,corrected_energy_ESS_only,True
random_p090,80,1.199967993599,60,60,1.0,60,1.0,60,1.0,1623.42171215243,1840.3635403158678,2176.6903230305597,2124.4277211988624,2513.2526347042144,2899.69533812187,3.079914456343386,2.2970667218572016,2.353575012275959,1.7243190810061493,2,2,100.0,0.9,True,True,corrected_energy_ESS_only,True
random_p090,80,1.209967993599,60,60,1.0,60,1.0,60,1.0,1274.9960400212256,1512.5769629291417,1894.9486790169947,1945.5611804722405,2161.9365058230546,2597.895606477873,3.921580807354321,2.6386097142129197,2.569952592694291,1.924672351403116,2,2,100.0,0.9,True,True,corrected_energy_ESS_only,True
random_p090,80,1.219967993599,60,60,1.0,60,1.0,60,1.0,919.4121874332671,1269.4928924359874,1602.5880295582824,1650.553941677727,1836.7522991123608,2293.8382274151645,5.4382572564744365,3.1199539463943964,3.029286031644434,2.1797550196444964,2,2,100.0,0.9,True,True,corrected_energy_ESS_only,True
random_p090,80,1.229967993599,60,60,1.0,60,1.0,60,1.0,581.9280633938213,907.7237111875438,1235.1841050792752,1473.5361649520883,1607.4411351514368,1902.2706513360777,8.592127299790038,4.04798283630949,3.3931980218229487,2.6284428866848484,2,2,100.0,0.9,True,True,corrected_energy_ESS_only,True
random_p090,80,1.239967993599,60,60,1.0,60,1.0,60,1.0,337.93211710895974,638.9208762468081,937.0119134938099,1301.467189411688,1483.2714007132852,1666.7401946784598,14.795870965966357,5.336935034255507,3.841817942609977,2.9998678232868983,2,2,100.0,0.9,True,True,corrected_energy_ESS_only,True
random_p090,80,1.249967993599,60,60,1.0,60,1.0,60,1.0,238.61340735795991,491.0723355027757,690.2093030040966,1174.8839358933144,1325.5923371964432,1564.311335735246,20.95439671794789,7.2446541265582365,4.255739522217815,3.196295106868761,2,2,100.0,0.9,True,True,corrected_energy_ESS_only,True
random_p090,80,1.259967993599,60,60,1.0,60,1.0,60,1.0,242.150113907722,337.17223073709766,483.0025314475065,1253.0824759457726,1318.2997282365043,1504.5991000865647,20.648348742488672,10.352471384585996,3.9901603413823303,3.323145050646372,2,2,100.0,0.9,True,True,corrected_energy_ESS_only,True
random_p090,80,1.269967993599,60,60,1.0,60,1.0,60,1.0,182.15349494773213,230.2960963011754,331.4875423677795,1308.3537729042246,1348.0597855369176,1485.753000006193,27.449377248757816,15.083912214911908,3.821596347676841,3.3652970207017563,2,2,100.0,0.9,True,True,corrected_energy_ESS_only,True
random_p090,80,1.279967993599,60,60,1.0,60,1.0,60,1.0,108.09495422417967,156.2637156658488,244.70565601501517,1293.5312953742543,1416.8675208062577,1573.6002784249424,46.255628080756,20.4379489974519,3.8653877319244616,3.1774310554731744,2,2,100.0,0.9,True,True,corrected_energy_ESS_only,True
random_p090,80,1.289967993599,60,57,0.95,60,1.0,57,0.95,94.01062017222459,137.18376829052517,180.3468913450859,1319.1320380580894,1462.4493641142444,1608.1424617779176,53.18548043657357,27.724430078555102,3.790371134765676,3.1091779084225752,2,2,100.0,0.9,True,True,corrected_energy_ESS_only,True
random_p090,80,1.299967993599,60,52,0.8666666666666667,60,1.0,52,0.8666666666666667,70.90128641868115,98.18279010115054,143.90030398163043,1204.032209702462,1346.8257758519371,1501.4070236954806,70.52058224267415,34.74631610074998,4.152712825876635,3.3302887555584677,2,2,100.0,0.9,False,False,corrected_energy_ESS_only,False
random_p090,80,1.309967993599,60,38,0.6333333333333333,60,1.0,38,0.6333333333333333,43.90508036865097,81.97490426866135,112.79555815482205,1053.102573980702,1250.552971105503,1415.337472466631,113.88203729539444,44.32849576772897,4.74787558547134,3.5327571819280834,2,2,100.0,0.9,False,False,corrected_energy_ESS_only,False
random_p090,80,1.319967993599,60,28,0.4666666666666667,60,1.0,28,0.4666666666666667,39.155687773274,69.35054949672286,98.45119241147967,849.8709425466312,1104.6376785180162,1271.94256794809,127.69536903429866,50.78662101048859,5.883246207968402,3.93099642393652,2,2,100.0,0.9,False,False,corrected_energy_ESS_only,False
random_p090,80,1.329967993599,60,13,0.21666666666666667,60,1.0,13,0.21666666666666667,37.32200132711074,57.13375267716334,78.67670426830344,809.9668560607504,959.3818703374553,1103.1716805615524,133.96923589861177,63.55936983183764,6.173092099493245,4.532767034447112,2,2,100.0,0.9,False,False,corrected_energy_ESS_only,False
random_p090,80,1.339967993599,60,3,0.05,60,1.0,3,0.05,32.670497631161346,44.49171977134402,75.02190523357011,694.4751250830142,835.3196041749466,977.381976290693,153.04327642781192,66.64748638782851,7.199681917192246,5.115827458324281,2,2,100.0,0.9,False,False,corrected_energy_ESS_only,False
random_p090,100,1.179967993599,60,60,1.0,60,1.0,60,1.0,2195.049783200921,2387.1470853220253,2651.223699856454,2789.155933774988,2960.763276459365,3287.776768798024,2.2778526656961624,1.88592795395405,1.7926570327076483,1.5207853430641054,2,2,100.0,0.9,True,True,corrected_energy_ESS_only,True
random_p090,100,1.189967993599,60,60,1.0,60,1.0,60,1.0,1926.1972252124228,2202.643799428303,2434.201021324415,2555.770029784692,2817.764508138876,3035.4709376970377,2.595788185422495,2.0540628479459535,1.9563575524129688,1.6471909352152139,2,2,100.0,0.9,True,True,corrected_energy_ESS_only,True
random_p090,100,1.199967993599,60,60,1.0,60,1.0,60,1.0,1750.742700603806,1929.6099764469657,2213.0963083102283,2271.604731242805,2592.327523996142,2796.995968582164,2.8559307991263205,2.259280780716831,2.2010871571237125,1.787632284324077,2,2,100.0,0.9,True,True,corrected_energy_ESS_only,True
random_p090,100,1.209967993599,60,60,1.0,60,1.0,60,1.0,1452.1082954011483,1627.17407293643,1873.683560321374,2153.406857916136,2299.3669590796558,2567.019633650663,3.443269359341232,2.6685619037728054,2.321902143860788,1.947858222133429,2,2,100.0,0.9,True,True,corrected_energy_ESS_only,True
random_p090,100,1.219967993599,60,60,1.0,60,1.0,60,1.0,899.7974113560014,1297.4822453506335,1565.2371285015724,1664.0961085261158,1916.118363161809,2204.4721088642573,5.556806384300399,3.1944934241003398,3.0046341520673843,2.2681198738305657,2,2,100.0,0.9,True,True,corrected_energy_ESS_only,True
random_p090,100,1.229967993599,60,60,1.0,60,1.0,60,1.0,761.1094404859712,905.1509007491662,1167.3177873403297,1323.102773363642,1492.261511747932,1816.9958171418293,6.56935748531444,4.283581153205617,3.778995933391335,2.751797484150276,2,2,100.0,0.9,True,True,corrected_energy_ESS_only,True
random_p090,100,1.239967993599,60,60,1.0,60,1.0,60,1.0,453.5773099952818,583.9598809179162,790.3818621823914,1112.890257007562,1318.6903193198066,1581.8475206024286,11.02347910668638,6.326098801714608,4.492805978411963,3.1608628000922137,2,2,100.0,0.9,True,True,corrected_energy_ESS_only,True
random_p090,100,1.249967993599,60,60,1.0,60,1.0,60,1.0,288.7098525728492,360.81876625743195,534.8082881228984,1019.6019210010929,1221.6841588709444,1433.1299184613135,17.318425247501263,9.349634028172893,4.903874636770756,3.488946985944634,2,2,100.0,0.9,True,True,corrected_energy_ESS_only,True
random_p090,100,1.259967993599,60,60,1.0,60,1.0,60,1.0,182.517211862036,248.41081775675522,343.50940919869277,1200.4491525068313,1281.3483676558901,1432.8555814192553,27.394676638932435,14.555743969228754,4.16510769286544,3.489539586395842,2,2,100.0,0.9,True,True,corrected_energy_ESS_only,True
random_p090,100,1.269967993599,60,59,0.9833333333333333,60,1.0,59,0.9833333333333333,89.10764457702714,171.18051918366316,238.80165512864244,1191.7855220729089,1310.2811361140677,1475.702842390976,56.111908509464186,20.938057243860626,4.195385753053408,3.388217971391687,2,2,100.0,0.9,True,True,corrected_energy_ESS_only,True
random_p090,100,1.279967993599,60,55,0.9166666666666666,60,1.0,55,0.9166666666666666,50.48015506483098,101.06675745117961,156.00879550461968,1213.572085449804,1354.071929386513,1499.1317391578577,99.04882410877238,32.049730969407555,4.120068399683713,3.335283692056251,2,2,100.0,0.9,True,True,corrected_energy_ESS_only,True
random_p090,100,1.289967993599,60,40,0.6666666666666666,60,1.0,40,0.6666666666666666,45.84336987752091,76.8387146858054,117.52947448877657,1152.6780087217228,1271.4855466321699,1404.4200214084904,109.0670256867772,42.543117441867494,4.337724813146053,3.560196143723476,2,2,100.0,0.9,False,False,corrected_energy_ESS_only,False
random_p090,100,1.299967993599,60,19,0.31666666666666665,60,1.0,19,0.31666666666666665,34.20489437070956,60.45813693888133,83.16011254009666,995.8392955675749,1098.7017097501928,1265.01912076593,146.17791085130833,60.12506484499832,5.02089044111306,3.952548839471894,2,2,100.0,0.9,False,False,corrected_energy_ESS_only,False
random_p090,100,1.309967993599,60,11,0.18333333333333332,60,1.0,11,0.18333333333333332,24.092101718910737,46.37127547276058,74.49332035622666,706.8650579190185,910.5848836132228,1092.575192335098,207.5368956322862,67.12012550171558,7.073485871150279,4.576464513755667,2,2,100.0,0.9,False,False,corrected_energy_ESS_only,False
random_p090,100,1.319967993599,60,3,0.05,60,1.0,3,0.05,20.02470346759462,31.82934117624294,57.671568005783215,701.6072052629243,797.555770352799,983.5248206026375,249.69158759785637,86.69890838947164,7.126494657543136,5.083757500310135,2,2,100.0,0.9,False,False,corrected_energy_ESS_only,False
random_p090,100,1.329967993599,60,0,0.0,60,1.0,0,0.0,16.044369578903872,28.134355166575904,52.46232449160666,600.7684409974744,648.9563356900226,799.9298859993376,311.6358031651371,95.30662489549533,8.322674193235493,6.250551252392361,2,2,100.0,0.9,False,False,corrected_energy_ESS_only,False
random_p090,100,1.339967993599,60,0,0.0,60,1.0,0,0.0,19.940442370604465,27.746933354425988,39.0291108379848,450.7470192555066,526.1965621046625,682.4729688237462,250.7466939334723,128.10959852644075,11.092696759833132,7.32772611214539,2,2,100.0,0.9,False,False,corrected_energy_ESS_only,False
random_p090,120,1.179967993599,60,60,1.0,60,1.0,60,1.0,2287.201956244632,2371.59009260791,2613.586629211273,2796.849573027957,2952.4333419228565,3242.665722545982,2.186077178864224,1.913084111761591,1.78772574979313,1.5419456258274442,2,2,100.0,0.9,True,True,corrected_energy_ESS_only,True
random_p090,120,1.189967993599,60,60,1.0,60,1.0,60,1.0,2150.0769622048415,2278.012107672804,2435.871066580914,2744.2210420488937,2865.896948709425,3086.6008846185105,2.325498150946488,2.0526642585151764,1.8220106629117945,1.6199392280126426,2,2,100.0,0.9,True,True,corrected_energy_ESS_only,True
random_p090,120,1.199967993599,60,60,1.0,60,1.0,60,1.0,1785.7177650190417,1953.0647572962437,2200.234002367981,2199.6198863453355,2664.7043178501217,2907.3428915996087,2.7999945444607723,2.2724895752706615,2.273120019981039,1.7197912353843923,2,2,100.0,0.9,True,True,corrected_energy_ESS_only,True
random_p090,120,1.209967993599,60,60,1.0,60,1.0,60,1.0,1554.9732060176436,1711.4942446337243,1921.5432749826366,2190.4458375657514,2430.9747963771356,2672.4763394141237,3.215489489240284,2.602085380454432,2.2826403256592345,1.87093335186536,2,2,100.0,0.9,True,True,corrected_energy_ESS_only,True
random_p090,120,1.219967993599,60,60,1.0,60,1.0,60,1.0,953.5793722949784,1281.3967156625458,1578.7287096419088,1591.8472534879636,1936.5346338612223,2304.9734815810643,5.243402012741221,3.16713951238581,3.1410048853897816,2.1692387432285773,2,2,100.0,0.9,True,True,corrected_energy_ESS_only,True
random_p090,120,1.229967993599,60,60,1.0,60,1.0,60,1.0,687.6890259953308,840.1021696475068,1190.7870575933566,1108.8956219225922,1490.781663079508,1841.608857042559,7.270728208528878,4.198904417933949,4.508990658048636,2.715059277948904,2,2,100.0,0.9,True,True,corrected_energy_ESS_only,True
random_p090,120,1.239967993599,60,60,1.0,60,1.0,60,1.0,437.8350253213923,529.1550168972192,825.4131230797054,1184.0854380352189,1272.6245329423757,1458.0339935199943,11.41982644337272,6.057589123918995,4.222668263108293,3.4292972702750286,2,2,100.0,0.9,True,True,corrected_energy_ESS_only,True
random_p090,120,1.249967993599,60,60,1.0,60,1.0,60,1.0,252.5844128813989,326.77843434796165,486.8180178201828,1146.2626355192913,1257.1418991654252,1373.0352756977277,19.7953624412594,10.270996462506346,4.362002079684688,3.641596330635222,2,2,100.0,0.9,True,True,corrected_energy_ESS_only,True
random_p090,120,1.259967993599,60,60,1.0,60,1.0,60,1.0,136.84074393691247,186.7642196462697,305.22923080085525,1150.8646209504943,1200.666990635381,1414.5687423759796,36.53882503229553,16.38132615856667,4.3445596545235015,3.534647137288224,2,2,100.0,0.9,True,True,corrected_energy_ESS_only,True
random_p090,120,1.269967993599,60,58,0.9666666666666667,60,1.0,58,0.9666666666666667,68.52723497445076,126.57885915850129,175.3511883737513,1151.6304839492593,1305.764006702135,1467.372955437338,72.96369103268455,28.514969531923683,4.341670413980028,3.4075132287621517,2,2,100.0,0.9,True,True,corrected_energy_ESS_only,True
random_p090,120,1.279967993599,60,43,0.7166666666666667,60,1.0,43,0.7166666666666667,30.06277073107981,73.58681773508216,124.16545207227647,1002.63742102354,1182.2984338357792,1415.625369117446,166.3186685194937,40.2729884776874,4.986847583342503,3.532078615902127,2,2,100.0,0.9,False,False,corrected_energy_ESS_only,False
random_p090,120,1.289967993599,60,22,0.36666666666666664,60,1.0,22,0.36666666666666664,30.283305074059932,58.35544250443576,86.50390927224274,1000.2596924909793,1112.2167756077085,1291.986116326506,165.1074738299585,57.84581653010996,4.998701874658507,3.8700106376771863,2,2,100.0,0.9,False,False,corrected_energy_ESS_only,False
random_p090,120,1.299967993599,60,1,0.016666666666666666,60,1.0,1,0.016666666666666666,23.81956119112096,41.39135248375162,67.46496162214721,836.451713439925,864.4200543748465,1092.2255440827362,209.9115076000566,74.11483748161541,5.9776313679093285,4.577814652986923,2,2,100.0,0.9,False,False,corrected_energy_ESS_only,False
random_p090,120,1.309967993599,60,0,0.0,60,1.0,0,0.0,18.43741664093131,26.877637020453307,52.82072230646523,603.4133196402016,710.6893016914923,931.1616451944052,271.1876667634625,94.7013827061121,8.286194283847362,5.369931114736019,2,2,100.0,0.9,False,False,corrected_energy_ESS_only,False
random_p090,120,1.319967993599,60,0,0.0,60,1.0,0,0.0,18.814296648036823,31.46784824542984,45.7864777886323,534.9380532489993,630.1560765690848,763.4230760965778,265.75535049415333,109.2075904683103,9.346876651664626,6.549550473341398,2,2,100.0,0.9,False,False,corrected_energy_ESS_only,False
random_p090,120,1.329967993599,60,0,0.0,60,1.0,0,0.0,12.263830321328426,22.32855824197322,34.25527051848545,334.2271953536129,538.0552606587581,634.5626008865609,407.7029662832449,145.9721675018869,14.959883784172597,7.879841993067371,2,2,100.0,0.9,False,False,corrected_energy_ESS_only,False
random_p090,120,1.339967993599,60,0,0.0,60,1.0,0,0.0,8.8422207260829,15.017426644001807,26.467314757753492,343.47156168713497,402.6303150465476,511.36662701349894,565.4688064109205,188.9122528700899,14.557245949096808,9.777801007087536,2,2,100.0,0.9,False,False,corrected_energy_ESS_only,False
